3.1834,1.89817,1,5,0,0,embeded,0
3.5176,2.45933,1,5,0,0,embeded,0
4.04773,3.16218,1,5,0,0,embeded,0
4.47413,3.64537,1,5,0,0,embeded,0
5.28083,4.01446,1,5,0,0,embeded,0
6.73291,4.38792,1,5,0,0,embeded,0
9.39504,4.67614,1,5,0,0,embeded,0
12.7832,4.79135,1,5,0,0,embeded,0
16.17137,4.71751,1,5,0,0,embeded,0
19.55954,4.6282,1,5,0,0,embeded,0
22.9477,4.54044,1,5,0,0,embeded,0
26.33587,4.48477,1,5,0,0,embeded,0
29.72404,4.45693,1,5,0,0,embeded,0
33.1122,4.45693,1,5,0,0,embeded,0
36.50037,4.484,1,5,0,0,embeded,0
39.88854,4.5184,1,5,0,0,embeded,0
43.2767,4.57794,1,5,0,0,embeded,0
46.66487,4.63361,1,5,0,0,embeded,0
50.05303,4.69624,1,5,0,0,embeded,0
53.4412,4.76944,1,5,0,0,embeded,0
56.82937,4.89689,1,5,0,0,embeded,0
60.21753,4.94677,1,5,0,0,embeded,0
63.6057,5.0094,1,5,0,0,embeded,0
66.99387,5.06932,1,5,0,0,embeded,0
70.38203,5.13504,1,5,0,0,embeded,0
73.7702,5.18801,1,5,0,0,embeded,0
77.15837,5.25296,1,5,0,0,embeded,0
80.54653,5.32642,1,5,0,0,embeded,0
83.9347,5.37358,1,5,0,0,embeded,0
87.32287,5.43312,1,5,0,0,embeded,0
90.71103,5.5031,1,5,0,0,embeded,0
94.0992,5.59008,1,5,0,0,embeded,0
97.48737,5.68789,1,5,0,0,embeded,0
99.34279,5.73293,1,5,0,0,embeded,0
1.10003,1.97545,1,4,0,0,embeded,0
1.53303,2.6178,1,4,0,0,embeded,0
1.93897,3.23749,1,4,0,0,embeded,0
2.31785,3.76069,1,4,0,0,embeded,0
3.0756,4.2477,1,4,0,0,embeded,0
4.29341,4.65229,1,4,0,0,embeded,0
6.32311,5.04682,1,4,0,0,embeded,0
9.32706,5.28225,1,4,0,0,embeded,0
12.73694,5.23228,1,4,0,0,embeded,0
16.14683,5.12673,1,4,0,0,embeded,0
19.55671,5.02119,1,4,0,0,embeded,0
22.9666,4.96217,1,4,0,0,embeded,0
26.37648,4.89884,1,4,0,0,embeded,0
29.78637,4.89195,1,4,0,0,embeded,0
33.19625,4.92124,1,4,0,0,embeded,0
36.60614,4.96605,1,4,0,0,embeded,0
40.01603,5.0354,1,4,0,0,embeded,0
43.42591,5.13966,1,4,0,0,embeded,0
46.8358,5.23012,1,4,0,0,embeded,0
50.24568,5.29862,1,4,0,0,embeded,0
53.65557,5.36281,1,4,0,0,embeded,0
57.06545,5.43863,1,4,0,0,embeded,0
60.47534,5.52177,1,4,0,0,embeded,0
63.88522,5.61611,1,4,0,0,embeded,0
67.29511,5.68935,1,4,0,0,embeded,0
70.705,5.78067,1,4,0,0,embeded,0
74.11488,5.87114,1,4,0,0,embeded,0
77.52477,5.95773,1,4,0,0,embeded,0
80.93465,6.0693,1,4,0,0,embeded,0
84.34454,6.1658,1,4,0,0,embeded,0
87.75442,6.2567,1,4,0,0,embeded,0
91.16431,6.34587,1,4,0,0,embeded,0
94.57419,6.43462,1,4,0,0,embeded,0
97.98408,6.54662,1,4,0,0,embeded,0
100.17615,6.61189,1,4,0,0,embeded,0
1.03218,2.05648,1,3,0,0,embeded,0
1.55385,2.52683,1,3,0,0,embeded,0
1.97334,2.99461,1,3,0,0,embeded,0
2.5219,3.44263,1,3,0,0,embeded,0
2.87685,3.8372,1,3,0,0,embeded,0
3.58675,4.20417,1,3,0,0,embeded,0
4.63547,4.58819,1,3,0,0,embeded,0
6.97492,4.87215,1,3,0,0,embeded,0
10.36308,4.96532,1,3,0,0,embeded,0
13.75125,4.91545,1,3,0,0,embeded,0
17.13942,4.82846,1,3,0,0,embeded,0
20.52758,4.73181,1,3,0,0,embeded,0
23.91575,4.67266,1,3,0,0,embeded,0
27.30392,4.64637,1,3,0,0,embeded,0
30.69208,4.67343,1,3,0,0,embeded,0
34.08025,4.73375,1,3,0,0,embeded,0
37.46842,4.82344,1,3,0,0,embeded,0
40.85658,4.91197,1,3,0,0,embeded,0
44.24475,4.9978,1,3,0,0,embeded,0
47.63292,5.1076,1,3,0,0,embeded,0
51.02108,5.18569,1,3,0,0,embeded,0
54.40925,5.29781,1,3,0,0,embeded,0
57.79742,5.38634,1,3,0,0,embeded,0
61.18558,5.48918,1,3,0,0,embeded,0
64.57375,5.59666,1,3,0,0,embeded,0
67.96192,5.68905,1,3,0,0,embeded,0
71.35008,5.78957,1,3,0,0,embeded,0
74.73825,5.91213,1,3,0,0,embeded,0
78.12641,6.00143,1,3,0,0,embeded,0
81.51458,6.09615,1,3,0,0,embeded,0
84.90275,6.20247,1,3,0,0,embeded,0
88.29091,6.31072,1,3,0,0,embeded,0
91.67908,6.40003,1,3,0,0,embeded,0
95.06725,6.49088,1,3,0,0,embeded,0
98.13273,6.56988,1,3,0,0,embeded,0
1.0459,1.87499,1,2,0,0,embeded,0
1.12709,2.51376,1,2,0,0,embeded,0
1.47891,2.98569,1,2,0,0,embeded,0
2.02016,3.56468,1,2,0,0,embeded,0
2.44233,4.01641,1,2,0,0,embeded,0
3.23797,4.58996,1,2,0,0,embeded,0
4.45579,4.99706,1,2,0,0,embeded,0
6.89142,5.32447,1,2,0,0,embeded,0
10.30131,5.40588,1,2,0,0,embeded,0
13.71119,5.31542,1,2,0,0,embeded,0
17.12108,5.206,1,2,0,0,embeded,0
20.53097,5.10993,1,2,0,0,embeded,0
23.94085,5.09571,1,2,0,0,embeded,0
27.35074,5.15689,1,2,0,0,embeded,0
30.76062,5.26545,1,2,0,0,embeded,0
34.17051,5.39038,1,2,0,0,embeded,0
37.58039,5.52048,1,2,0,0,embeded,0
40.99028,5.66565,1,2,0,0,embeded,0
44.40016,5.80738,1,2,0,0,embeded,0
47.81005,5.96247,1,2,0,0,embeded,0
51.21994,6.121,1,2,0,0,embeded,0
54.62982,6.27824,1,2,0,0,embeded,0
58.03971,6.42471,1,2,0,0,embeded,0
61.44959,6.56859,1,2,0,0,embeded,0
64.85948,6.73876,1,2,0,0,embeded,0
68.26936,6.87618,1,2,0,0,embeded,0
71.67925,7.01231,1,2,0,0,embeded,0
75.08913,7.15361,1,2,0,0,embeded,0
78.49902,7.29232,1,2,0,0,embeded,0
81.90891,7.41812,1,2,0,0,embeded,0
85.31879,7.54175,1,2,0,0,embeded,0
88.72868,7.64643,1,2,0,0,embeded,0
92.13856,7.76663,1,2,0,0,embeded,0
95.54845,7.87949,1,2,0,0,embeded,0
98.95833,7.99021,1,2,0,0,embeded,0
1.0721,2.09033,1,2,0,0,embeded,0
1.33698,2.43749,1,2,0,0,embeded,0
1.5186,2.76232,1,2,0,0,embeded,0
1.56401,2.93465,1,2,0,0,embeded,0
1.86673,3.27489,1,2,0,0,embeded,0
2.06349,3.54187,1,2,0,0,embeded,0
2.39648,3.84258,1,2,0,0,embeded,0
2.77488,4.12364,1,2,0,0,embeded,0
3.22895,4.39858,1,2,0,0,embeded,0
3.83438,4.6355,1,2,0,0,embeded,0
4.74253,4.88584,1,2,0,0,embeded,0
6.10475,5.07712,1,2,0,0,embeded,0
7.69401,5.13826,1,2,0,0,embeded,0
9.28327,5.13826,1,2,0,0,embeded,0
10.87253,5.08869,1,2,0,0,embeded,0
12.46179,5.04325,1,2,0,0,embeded,0
14.05105,4.99699,1,2,0,0,embeded,0
15.64031,4.94769,1,2,0,0,embeded,0
17.22957,4.90859,1,2,0,0,embeded,0
18.81883,4.89179,1,2,0,0,embeded,0
20.40809,4.8838,1,2,0,0,embeded,0
21.99735,4.87775,1,2,0,0,embeded,0
23.5866,4.87775,1,2,0,0,embeded,0
25.17586,4.89344,1,2,0,0,embeded,0
26.76512,4.93255,1,2,0,0,embeded,0
28.35438,4.97248,1,2,0,0,embeded,0
29.94364,5.01489,1,2,0,0,embeded,0
31.5329,5.06473,1,2,0,0,embeded,0
33.12216,5.12559,1,2,0,0,embeded,0
34.71142,5.18149,1,2,0,0,embeded,0
36.30068,5.25006,1,2,0,0,embeded,0
37.88994,5.3134,1,2,0,0,embeded,0
39.4792,5.37261,1,2,0,0,embeded,0
41.06846,5.43594,1,2,0,0,embeded,0
42.65772,5.50314,1,2,0,0,embeded,0
44.24698,5.57006,1,2,0,0,embeded,0
45.83623,5.6356,1,2,0,0,embeded,0
47.42549,5.70802,1,2,0,0,embeded,0
48.93907,5.77411,1,2,0,0,embeded,0
1.14778,2.25731,2,2,0,0,embeded,0
2.24512,2.0179,2,2,0,0,embeded,0
3.45599,2.24805,2,2,0,0,embeded,0
4.21278,2.5017,2,2,0,0,embeded,0
4.93173,2.73861,2,2,0,0,embeded,0
5.83988,2.97637,2,2,0,0,embeded,0
6.93722,3.2184,2,2,0,0,embeded,0
8.29944,3.46201,2,2,0,0,embeded,0
9.8887,3.62861,2,2,0,0,embeded,0
11.47796,3.75556,2,2,0,0,embeded,0
13.06722,3.84534,2,2,0,0,embeded,0
14.65648,3.90923,2,2,0,0,embeded,0
16.24574,3.9599,2,2,0,0,embeded,0
17.835,3.9968,2,2,0,0,embeded,0
19.42426,4.01855,2,2,0,0,embeded,0
21.01352,4.04664,2,2,0,0,embeded,0
22.60278,4.08575,2,2,0,0,embeded,0
24.19204,4.12733,2,2,0,0,embeded,0
25.7813,4.17635,2,2,0,0,embeded,0
27.37056,4.22454,2,2,0,0,embeded,0
28.95981,4.2708,2,2,0,0,embeded,0
30.54907,4.33524,2,2,0,0,embeded,0
32.13833,4.40547,2,2,0,0,embeded,0
33.72759,4.4644,2,2,0,0,embeded,0
35.31685,4.53297,2,2,0,0,embeded,0
36.90611,4.60346,2,2,0,0,embeded,0
38.49537,4.68718,2,2,0,0,embeded,0
40.08463,4.7552,2,2,0,0,embeded,0
41.67389,4.82102,2,2,0,0,embeded,0
43.26315,4.87527,2,2,0,0,embeded,0
44.85241,4.94136,2,2,0,0,embeded,0
46.44167,5.01819,2,2,0,0,embeded,0
48.03093,5.08676,2,2,0,0,embeded,0
49.24179,5.13115,2,2,0,0,embeded,0
1.14778,3.42524,3,2,0,0,embeded,0
1.56401,3.14631,3,2,0,0,embeded,0
2.01809,2.88013,3,2,0,0,embeded,0
2.6992,2.60765,3,2,0,0,embeded,0
3.91006,2.44089,3,2,0,0,embeded,0
5.49932,2.41611,3,2,0,0,embeded,0
7.08858,2.54857,3,2,0,0,embeded,0
8.67784,2.71214,3,2,0,0,embeded,0
10.2671,2.85975,3,2,0,0,embeded,0
11.85636,3.01203,3,2,0,0,embeded,0
13.44562,3.13843,3,2,0,0,embeded,0
15.03488,3.23812,3,2,0,0,embeded,0
16.62414,3.33726,3,2,0,0,embeded,0
18.2134,3.41712,3,2,0,0,embeded,0
19.80265,3.50221,3,2,0,0,embeded,0
21.39191,3.56996,3,2,0,0,embeded,0
22.98117,3.6366,3,2,0,0,embeded,0
24.57043,3.7093,3,2,0,0,embeded,0
26.15969,3.77126,3,2,0,0,embeded,0
27.74895,3.8368,3,2,0,0,embeded,0
29.33821,3.91501,3,2,0,0,embeded,0
30.92747,3.99377,3,2,0,0,embeded,0
32.51673,4.07473,3,2,0,0,embeded,0
34.10599,4.13807,3,2,0,0,embeded,0
35.69525,4.2171,3,2,0,0,embeded,0
37.28451,4.28733,3,2,0,0,embeded,0
38.87377,4.34736,3,2,0,0,embeded,0
40.46302,4.42419,3,2,0,0,embeded,0
42.05228,4.50268,3,2,0,0,embeded,0
43.64154,4.56739,3,2,0,0,embeded,0
45.2308,4.63073,3,2,0,0,embeded,0
46.82006,4.70343,3,2,0,0,embeded,0
48.40932,4.77365,3,2,0,0,embeded,0
49.43099,4.80642,3,2,0,0,embeded,0
0.99436,1.84304,1,3,0,0,embeded,0
1.19083,2.0821,1,3,0,0,embeded,0
1.37945,2.33121,1,3,0,0,embeded,0
1.53663,2.61376,1,3,0,0,embeded,0
1.66237,2.79287,1,3,0,0,embeded,0
1.88504,3.14248,1,3,0,0,embeded,0
2.07104,3.38672,1,3,0,0,embeded,0
2.36968,3.60318,1,3,0,0,embeded,0
2.58973,3.80049,1,3,0,0,embeded,0
2.91981,4.05431,1,3,0,0,embeded,0
3.35205,4.2727,1,3,0,0,embeded,0
3.90218,4.49658,1,3,0,0,embeded,0
4.64878,4.70719,1,3,0,0,embeded,0
5.74904,4.91358,1,3,0,0,embeded,0
7.24224,5.07931,1,3,0,0,embeded,0
8.89263,5.13245,1,3,0,0,embeded,0
10.54301,5.12264,1,3,0,0,embeded,0
12.1934,5.0768,1,3,0,0,embeded,0
13.84378,5.02777,1,3,0,0,embeded,0
15.49417,4.97053,1,3,0,0,embeded,0
17.14455,4.91899,1,3,0,0,embeded,0
18.79494,4.86449,1,3,0,0,embeded,0
20.44532,4.82572,1,3,0,0,embeded,0
22.09571,4.81112,1,3,0,0,embeded,0
23.74609,4.79219,1,3,0,0,embeded,0
25.39647,4.78376,1,3,0,0,embeded,0
27.04686,4.78034,1,3,0,0,embeded,0
28.69724,4.79858,1,3,0,0,embeded,0
30.34763,4.82275,1,3,0,0,embeded,0
31.99801,4.84693,1,3,0,0,embeded,0
33.6484,4.89641,1,3,0,0,embeded,0
35.29878,4.94134,1,3,0,0,embeded,0
36.94917,4.9792,1,3,0,0,embeded,0
38.59955,5.0264,1,3,0,0,embeded,0
40.24994,5.07178,1,3,0,0,embeded,0
41.90032,5.11922,1,3,0,0,embeded,0
43.55071,5.16779,1,3,0,0,embeded,0
45.20109,5.20337,1,3,0,0,embeded,0
46.85147,5.24807,1,3,0,0,embeded,0
48.50186,5.28592,1,3,0,0,embeded,0
49.60212,5.31397,1,3,0,0,embeded,0
1.11224,2.18808,2,3,0,0,embeded,0
2.2125,1.93267,2,3,0,0,embeded,0
3.43064,2.13677,2,3,0,0,embeded,0
4.13795,2.35049,2,3,0,0,embeded,0
4.80596,2.54225,2,3,0,0,embeded,0
5.63115,2.77332,2,3,0,0,embeded,0
6.61353,2.98186,2,3,0,0,embeded,0
7.67449,3.17976,2,3,0,0,embeded,0
9.04981,3.39128,2,3,0,0,embeded,0
10.70019,3.55,2,3,0,0,embeded,0
12.35058,3.66334,2,3,0,0,embeded,0
14.00096,3.74567,2,3,0,0,embeded,0
15.65135,3.81089,2,3,0,0,embeded,0
17.30173,3.85924,2,3,0,0,embeded,0
18.95212,3.89368,2,3,0,0,embeded,0
20.6025,3.91694,2,3,0,0,embeded,0
22.25288,3.94271,2,3,0,0,embeded,0
23.90327,3.96984,2,3,0,0,embeded,0
25.55365,3.99698,2,3,0,0,embeded,0
27.20404,4.01659,2,3,0,0,embeded,0
28.85442,4.04556,2,3,0,0,embeded,0
30.50481,4.08843,2,3,0,0,embeded,0
32.15519,4.13906,2,3,0,0,embeded,0
33.80558,4.17897,2,3,0,0,embeded,0
35.45596,4.22275,2,3,0,0,embeded,0
37.10635,4.27133,2,3,0,0,embeded,0
38.75673,4.32378,2,3,0,0,embeded,0
40.40712,4.38148,2,3,0,0,embeded,0
42.0575,4.4378,2,3,0,0,embeded,0
43.70788,4.48045,2,3,0,0,embeded,0
45.35827,4.53222,2,3,0,0,embeded,0
47.00865,4.57509,2,3,0,0,embeded,0
48.65904,4.63051,2,3,0,0,embeded,0
49.68071,4.65869,2,3,0,0,embeded,0
1.08081,3.335,3,3,0,0,embeded,0
1.38731,3.11933,3,3,0,0,embeded,0
1.81955,2.8695,3,3,0,0,embeded,0
2.36968,2.65186,3,3,0,0,embeded,0
3.07699,2.44061,3,3,0,0,embeded,0
4.25583,2.2695,3,3,0,0,embeded,0
5.90622,2.27816,3,3,0,0,embeded,0
7.5566,2.41819,3,3,0,0,embeded,0
9.20699,2.57417,3,3,0,0,embeded,0
10.85737,2.73221,3,3,0,0,embeded,0
12.50776,2.86699,3,3,0,0,embeded,0
14.15814,2.97554,3,3,0,0,embeded,0
15.80853,3.07748,3,3,0,0,embeded,0
17.45891,3.16802,3,3,0,0,embeded,0
19.10929,3.24692,3,3,0,0,embeded,0
20.75968,3.30941,3,3,0,0,embeded,0
22.41006,3.37851,3,3,0,0,embeded,0
24.06045,3.43096,3,3,0,0,embeded,0
25.71083,3.48615,3,3,0,0,embeded,0
27.36122,3.53951,3,3,0,0,embeded,0
29.0116,3.60086,3,3,0,0,embeded,0
30.66199,3.66266,3,3,0,0,embeded,0
32.31237,3.71967,3,3,0,0,embeded,0
33.96276,3.78672,3,3,0,0,embeded,0
35.61314,3.84396,3,3,0,0,embeded,0
37.26353,3.89801,3,3,0,0,embeded,0
38.91391,3.9589,3,3,0,0,embeded,0
40.56429,4.02321,3,3,0,0,embeded,0
42.21468,4.07589,3,3,0,0,embeded,0
43.86506,4.13472,3,3,0,0,embeded,0
45.51545,4.19447,3,3,0,0,embeded,0
47.16583,4.24898,3,3,0,0,embeded,0
48.81622,4.29824,3,3,0,0,embeded,0
49.75929,4.33655,3,3,0,0,embeded,0
1.03169,1.75176,1,4,0,0,embeded,0
1.1113,2.01755,1,4,0,0,embeded,0
1.38994,2.27776,1,4,0,0,embeded,0
1.50935,2.58266,1,4,0,0,embeded,0
1.85622,3.01368,1,4,0,0,embeded,0
2.07458,3.23398,1,4,0,0,embeded,0
2.36118,3.46289,1,4,0,0,embeded,0
2.63186,3.65829,1,4,0,0,embeded,0
2.90253,3.89008,1,4,0,0,embeded,0
3.34039,4.10319,1,4,0,0,embeded,0
3.85786,4.30809,1,4,0,0,embeded,0
4.57435,4.53399,1,4,0,0,embeded,0
5.56948,4.73672,1,4,0,0,embeded,0
6.96266,4.92725,1,4,0,0,embeded,0
8.63448,5.04561,1,4,0,0,embeded,0
10.3063,5.08894,1,4,0,0,embeded,0
11.97812,5.09076,1,4,0,0,embeded,0
13.64994,5.05382,1,4,0,0,embeded,0
15.32175,4.99293,1,4,0,0,embeded,0
16.99357,4.9325,1,4,0,0,embeded,0
18.66539,4.87001,1,4,0,0,embeded,0
20.33721,4.826,1,4,0,0,embeded,0
22.00903,4.78586,1,4,0,0,embeded,0
23.68084,4.75371,1,4,0,0,embeded,0
25.35266,4.73227,1,4,0,0,embeded,0
27.02448,4.71038,1,4,0,0,embeded,0
28.6963,4.70057,1,4,0,0,embeded,0
30.36812,4.70901,1,4,0,0,embeded,0
32.03994,4.70992,1,4,0,0,embeded,0
33.71175,4.73136,1,4,0,0,embeded,0
35.38357,4.7553,1,4,0,0,embeded,0
37.05539,4.78814,1,4,0,0,embeded,0
38.72721,4.82258,1,4,0,0,embeded,0
40.39903,4.86499,1,4,0,0,embeded,0
42.07084,4.90353,1,4,0,0,embeded,0
43.74266,4.94458,1,4,0,0,embeded,0
45.41448,4.98312,1,4,0,0,embeded,0
47.0863,5.02167,1,4,0,0,embeded,0
48.75812,5.05017,1,4,0,0,embeded,0
50.1513,5.07606,1,4,0,0,embeded,0
1.1113,2.16781,2,4,0,0,embeded,0
2.22946,1.9061,2,4,0,0,embeded,0
2.5784,1.85575,2,4,0,0,embeded,0
3.73844,2.09418,2,4,0,0,embeded,0
4.41513,2.30117,2,4,0,0,embeded,0
5.13162,2.51615,2,4,0,0,embeded,0
5.88792,2.72586,2,4,0,0,embeded,0
6.88305,2.92077,2,4,0,0,embeded,0
8.23643,3.12232,2,4,0,0,embeded,0
9.82864,3.31197,2,4,0,0,embeded,0
11.50045,3.45701,2,4,0,0,embeded,0
13.17227,3.57468,2,4,0,0,embeded,0
14.84409,3.66294,2,4,0,0,embeded,0
16.51591,3.73044,2,4,0,0,embeded,0
18.18773,3.787,2,4,0,0,embeded,0
19.85955,3.82668,2,4,0,0,embeded,0
21.53136,3.84766,2,4,0,0,embeded,0
23.20318,3.86385,2,4,0,0,embeded,0
24.875,3.87708,2,4,0,0,embeded,0
26.54682,3.89053,2,4,0,0,embeded,0
28.21864,3.90627,2,4,0,0,embeded,0
29.89045,3.9195,2,4,0,0,embeded,0
31.56227,3.94663,2,4,0,0,embeded,0
33.23409,3.96967,2,4,0,0,embeded,0
34.90591,4.00866,2,4,0,0,embeded,0
36.57773,4.04424,2,4,0,0,embeded,0
38.24955,4.08917,2,4,0,0,embeded,0
39.92136,4.12497,2,4,0,0,embeded,0
41.59318,4.16693,2,4,0,0,embeded,0
43.265,4.20912,2,4,0,0,embeded,0
44.93682,4.25952,2,4,0,0,embeded,0
46.60864,4.30376,2,4,0,0,embeded,0
48.28045,4.34344,2,4,0,0,embeded,0
49.91247,4.37784,2,4,0,0,embeded,0
1.03169,3.29703,3,4,0,0,embeded,0
1.38994,3.04816,3,4,0,0,embeded,0
1.62877,2.81573,3,4,0,0,embeded,0
2.05667,2.6102,3,4,0,0,embeded,0
2.82292,2.3898,3,4,0,0,embeded,0
4.09669,2.19452,3,4,0,0,embeded,0
5.76851,2.16488,3,4,0,0,embeded,0
7.44032,2.27616,3,4,0,0,embeded,0
9.11214,2.41961,3,4,0,0,embeded,0
10.78396,2.56191,3,4,0,0,embeded,0
12.45578,2.69213,3,4,0,0,embeded,0
14.1276,2.81414,3,4,0,0,embeded,0
15.79942,2.91174,3,4,0,0,embeded,0
17.47123,2.99042,3,4,0,0,embeded,0
19.14305,3.05975,3,4,0,0,embeded,0
20.81487,3.12634,3,4,0,0,embeded,0
22.48669,3.18517,3,4,0,0,embeded,0
24.15851,3.24059,3,4,0,0,embeded,0
25.83032,3.29897,3,4,0,0,embeded,0
27.50214,3.34823,3,4,0,0,embeded,0
29.17396,3.39544,3,4,0,0,embeded,0
30.84578,3.43717,3,4,0,0,embeded,0
32.5176,3.48369,3,4,0,0,embeded,0
34.18942,3.53934,3,4,0,0,embeded,0
35.86123,3.6,3,4,0,0,embeded,0
37.53305,3.64356,3,4,0,0,embeded,0
39.20487,3.69966,3,4,0,0,embeded,0
40.87669,3.74732,3,4,0,0,embeded,0
42.54851,3.80023,3,4,0,0,embeded,0
44.22032,3.84287,3,4,0,0,embeded,0
45.89214,3.8935,3,4,0,0,embeded,0
47.56396,3.92748,3,4,0,0,embeded,0
49.23578,3.97651,3,4,0,0,embeded,0
50.39013,4.00861,3,4,0,0,embeded,0
1.29411,6.85841,1,5,0,0,embeded,0
1.91487,6.37852,1,5,0,0,embeded,0
2.10886,5.82798,1,5,0,0,embeded,0
2.20585,5.26992,1,5,0,0,embeded,0
2.34165,4.5615,1,5,0,0,embeded,0
2.49684,3.6767,1,5,0,0,embeded,0
3.41739,3.07316,1,5,0,0,embeded,0
3.15639,2.41137,1,5,0,0,embeded,0
3.04353,1.93759,1,5,0,0,embeded,0
4.5143,3.68132,1,5,0,0,embeded,0
5.71703,4.13989,1,5,0,0,embeded,0
7.34652,4.54856,1,5,0,0,embeded,0
8.97601,4.73802,1,5,0,0,embeded,0
10.60551,4.80026,1,5,0,0,embeded,0
12.235,4.82669,1,5,0,0,embeded,0
13.86449,4.84156,1,5,0,0,embeded,0
15.49399,4.81953,1,5,0,0,embeded,0
17.12348,4.77217,1,5,0,0,embeded,0
18.75297,4.72315,1,5,0,0,embeded,0
20.38247,4.68955,1,5,0,0,embeded,0
22.01196,4.64659,1,5,0,0,embeded,0
23.64146,4.61961,1,5,0,0,embeded,0
25.27095,4.58821,1,5,0,0,embeded,0
26.90044,4.54195,1,5,0,0,embeded,0
28.52994,4.54085,1,5,0,0,embeded,0
30.15943,4.51606,1,5,0,0,embeded,0
31.78892,4.50945,1,5,0,0,embeded,0
33.41842,4.50945,1,5,0,0,embeded,0
35.04791,4.51551,1,5,0,0,embeded,0
36.67741,4.53148,1,5,0,0,embeded,0
38.3069,4.57004,1,5,0,0,embeded,0
39.93639,4.58436,1,5,0,0,embeded,0
41.56589,4.613,1,5,0,0,embeded,0
43.19538,4.66697,1,5,0,0,embeded,0
44.82487,4.70167,1,5,0,0,embeded,0
46.45437,4.75014,1,5,0,0,embeded,0
48.08386,4.76501,1,5,0,0,embeded,0
49.51937,4.80366,1,5,0,0,embeded,0
1.68209,0.87772,2,5,0,0,embeded,0
2.84601,0.7672,2,5,0,0,embeded,0
3.57347,0.06087,2,5,0,0,embeded,0
4.06366,-0.47462,2,5,0,0,embeded,0
3.97761,-1.22703,2,5,0,0,embeded,0
3.89354,-1.5685,2,5,0,0,embeded,0
4.86348,0.42433,2,5,0,0,embeded,0
5.40665,0.96125,2,5,0,0,embeded,0
6.0662,1.48638,2,5,0,0,embeded,0
6.99734,1.98589,2,5,0,0,embeded,0
8.43285,2.40223,2,5,0,0,embeded,0
10.06234,2.72388,2,5,0,0,embeded,0
11.69184,2.97007,2,5,0,0,embeded,0
13.32133,3.13365,2,5,0,0,embeded,0
14.95082,3.25647,2,5,0,0,embeded,0
16.58032,3.38149,2,5,0,0,embeded,0
18.20981,3.46906,2,5,0,0,embeded,0
19.8393,3.52744,2,5,0,0,embeded,0
21.4688,3.58087,2,5,0,0,embeded,0
23.09829,3.62713,2,5,0,0,embeded,0
24.72778,3.6453,2,5,0,0,embeded,0
26.35728,3.65191,2,5,0,0,embeded,0
27.98677,3.6745,2,5,0,0,embeded,0
29.61627,3.69983,2,5,0,0,embeded,0
31.24576,3.70974,2,5,0,0,embeded,0
32.87525,3.73453,2,5,0,0,embeded,0
34.50475,3.75325,2,5,0,0,embeded,0
36.13424,3.75766,2,5,0,0,embeded,0
37.76373,3.76923,2,5,0,0,embeded,0
39.39323,3.76923,2,5,0,0,embeded,0
41.02272,3.74995,2,5,0,0,embeded,0
42.65222,3.75711,2,5,0,0,embeded,0
44.28171,3.75766,2,5,0,0,embeded,0
45.9112,3.74609,2,5,0,0,embeded,0
47.5407,3.75601,2,5,0,0,embeded,0
49.17019,3.76978,2,5,0,0,embeded,0
50.06253,3.79236,2,5,0,0,embeded,0
1.33291,3.48489,3,5,0,0,embeded,0
2.22525,2.89126,3,5,0,0,embeded,0
3.42797,2.45532,3,5,0,0,embeded,0
5.01867,2.08224,3,5,0,0,embeded,0
6.64816,1.95997,3,5,0,0,embeded,0
8.27766,1.95501,3,5,0,0,embeded,0
9.90715,2.07838,3,5,0,0,embeded,0
11.53665,2.20781,3,5,0,0,embeded,0
13.12734,2.3466,3,5,0,0,embeded,0
14.95082,2.44134,3,5,0,0,embeded,0
16.58032,2.55259,3,5,0,0,embeded,0
18.20981,2.65063,3,5,0,0,embeded,0
19.8393,2.72938,3,5,0,0,embeded,0
21.4688,2.80649,3,5,0,0,embeded,0
23.09829,2.89406,3,5,0,0,embeded,0
24.72778,2.93262,3,5,0,0,embeded,0
26.35728,2.99265,3,5,0,0,embeded,0
27.98677,3.04662,3,5,0,0,embeded,0
29.61627,3.11217,3,5,0,0,embeded,0
31.24576,3.18762,3,5,0,0,embeded,0
32.87525,3.24159,3,5,0,0,embeded,0
34.50475,3.27629,3,5,0,0,embeded,0
36.13424,3.30658,3,5,0,0,embeded,0
37.76373,3.3523,3,5,0,0,embeded,0
39.39323,3.36001,3,5,0,0,embeded,0
41.02272,3.35285,3,5,0,0,embeded,0
42.65222,3.35285,3,5,0,0,embeded,0
44.28171,3.35285,3,5,0,0,embeded,0
45.9112,3.35285,3,5,0,0,embeded,0
47.5407,3.35891,3,5,0,0,embeded,0
49.17019,3.59133,3,5,0,0,embeded,0
50.06253,3.69983,3,5,0,0,embeded,0
1.10281,2.1485,1,2,0,0,embeded,0
1.32865,2.50424,1,2,0,0,embeded,0
1.54374,2.86405,1,2,0,0,embeded,0
1.75882,3.21665,1,2,0,0,embeded,0
1.93089,3.51513,1,2,0,0,embeded,0
2.189,3.72714,1,2,0,0,embeded,0
2.60842,4.09174,1,2,0,0,embeded,0
3.04935,4.39005,1,2,0,0,embeded,0
3.50104,4.58453,1,2,0,0,embeded,0
3.95272,4.74705,1,2,0,0,embeded,0
4.4044,4.86894,1,2,0,0,embeded,0
4.85609,4.97031,1,2,0,0,embeded,0
5.30777,5.04802,1,2,0,0,embeded,0
5.75946,5.10719,1,2,0,0,embeded,0
6.21114,5.15374,1,2,0,0,embeded,0
6.66282,5.1711,1,2,0,0,embeded,0
7.11451,5.17899,1,2,0,0,embeded,0
7.56619,5.17938,1,2,0,0,embeded,0
8.01788,5.19279,1,2,0,0,embeded,0
8.46956,5.17899,1,2,0,0,embeded,0
8.92125,5.17899,1,2,0,0,embeded,0
9.37293,5.17899,1,2,0,0,embeded,0
10.10423,5.18924,1,2,0,0,embeded,0
10.55591,5.16952,1,2,0,0,embeded,0
11.0076,5.16242,1,2,0,0,embeded,0
11.45928,5.14427,1,2,0,0,embeded,0
11.91096,5.12928,1,2,0,0,embeded,0
12.36265,5.11153,1,2,0,0,embeded,0
12.81433,5.08195,1,2,0,0,embeded,0
13.26602,5.07958,1,2,0,0,embeded,0
13.7177,5.06499,1,2,0,0,embeded,0
13.9543,5.05473,1,2,0,0,embeded,0
1.10281,1.81826,1,2,0,0.2,embeded,0
1.29639,2.18958,1,2,0,0.2,embeded,0
1.47921,2.58248,1,2,0,0.2,embeded,0
1.67279,2.91199,1,2,0,0.2,embeded,0
1.85561,3.29443,1,2,0,0.2,embeded,0
1.97391,3.53604,1,2,0,0.2,embeded,0
2.189,3.72714,1,2,0,0.2,embeded,0
2.60842,4.09174,1,2,0,0.2,embeded,0
3.04935,4.39005,1,2,0,0.2,embeded,0
3.50104,4.58453,1,2,0,0.2,embeded,0
3.95272,4.74705,1,2,0,0.2,embeded,0
4.4044,4.86894,1,2,0,0.2,embeded,0
4.85609,4.97031,1,2,0,0.2,embeded,0
5.30777,5.04802,1,2,0,0.2,embeded,0
5.75946,5.10719,1,2,0,0.2,embeded,0
6.21114,5.15374,1,2,0,0.2,embeded,0
6.66282,5.1711,1,2,0,0.2,embeded,0
7.11451,5.17899,1,2,0,0.2,embeded,0
7.56619,5.17938,1,2,0,0.2,embeded,0
8.01788,5.19279,1,2,0,0.2,embeded,0
8.46956,5.17899,1,2,0,0.2,embeded,0
8.92125,5.17899,1,2,0,0.2,embeded,0
9.37293,5.17899,1,2,0,0.2,embeded,0
10.16875,5.13875,1,2,0,0.2,embeded,0
10.62044,5.12416,1,2,0,0.2,embeded,0
11.07212,5.09812,1,2,0,0.2,embeded,0
11.52381,5.09142,1,2,0,0.2,embeded,0
11.97549,5.06932,1,2,0,0.2,embeded,0
12.42718,5.05157,1,2,0,0.2,embeded,0
12.87886,5.01765,1,2,0,0.2,embeded,0
13.33054,4.97505,1,2,0,0.2,embeded,0
13.76072,4.94355,1,2,0,0.2,embeded,0
1.01677,-0.82814,1,2,0,0.6,embeded,0
1.13507,-0.43079,1,2,0,0.6,embeded,0
1.21035,-0.07155,1,2,0,0.6,embeded,0
1.29639,0.36611,1,2,0,0.6,embeded,0
1.40547,0.76255,1,2,0,0.6,embeded,0
1.48996,1.18206,1,2,0,0.6,embeded,0
1.55449,1.5859,1,2,0,0.6,embeded,0
1.65128,1.9831,1,2,0,0.6,embeded,0
1.75882,2.34041,1,2,0,0.6,embeded,0
1.8126,2.70835,1,2,0,0.6,embeded,0
1.90078,3.07491,1,2,0,0.6,embeded,0
1.97391,3.39245,1,2,0,0.6,embeded,0
2.189,3.72714,1,2,0,0.6,embeded,0
2.60842,4.09174,1,2,0,0.6,embeded,0
3.04935,4.39005,1,2,0,0.6,embeded,0
3.50104,4.58453,1,2,0,0.6,embeded,0
3.95272,4.74705,1,2,0,0.6,embeded,0
4.4044,4.86894,1,2,0,0.6,embeded,0
4.85609,4.97031,1,2,0,0.6,embeded,0
5.30777,5.04802,1,2,0,0.6,embeded,0
5.75946,5.10719,1,2,0,0.6,embeded,0
6.21114,5.15374,1,2,0,0.6,embeded,0
6.66282,5.1711,1,2,0,0.6,embeded,0
7.11451,5.17899,1,2,0,0.6,embeded,0
7.56619,5.17938,1,2,0,0.6,embeded,0
8.01788,5.19279,1,2,0,0.6,embeded,0
8.46956,5.17899,1,2,0,0.6,embeded,0
8.92125,5.17899,1,2,0,0.6,embeded,0
9.37293,5.17899,1,2,0,0.6,embeded,0
10.16875,5.08431,1,2,0,0.6,embeded,0
10.62044,5.04802,1,2,0,0.6,embeded,0
11.07212,5.00858,1,2,0,0.6,embeded,0
11.52381,4.96558,1,2,0,0.6,embeded,0
11.97549,4.91075,1,2,0,0.6,embeded,0
12.42718,4.85276,1,2,0,0.6,embeded,0
12.87886,4.77703,1,2,0,0.6,embeded,0
13.33054,4.68669,1,2,0,0.6,embeded,0
13.76072,4.57907,1,2,0,0.6,embeded,0
1.03848,1.8192,1,3,0,0,embeded,0
1.17994,2.02608,1,3,0,0,embeded,0
1.29783,2.23776,1,3,0,0,embeded,0
1.4275,2.46173,1,3,0,0,embeded,0
1.55717,2.64004,1,3,0,0,embeded,0
1.69863,2.86253,1,3,0,0,embeded,0
1.85188,3.06994,1,3,0,0,embeded,0
2.02871,3.30168,1,3,0,0,embeded,0
2.25269,3.49776,1,3,0,0,embeded,0
2.50025,3.69781,1,3,0,0,embeded,0
2.74781,3.90435,1,3,0,0,embeded,0
3.0661,4.12611,1,3,0,0,embeded,0
3.50227,4.30472,1,3,0,0,embeded,0
3.9856,4.50381,1,3,0,0,embeded,0
4.48071,4.63083,1,3,0,0,embeded,0
4.97583,4.75968,1,3,0,0,embeded,0
5.47094,4.85113,1,3,0,0,embeded,0
5.96606,4.91612,1,3,0,0,embeded,0
6.46117,4.97428,1,3,0,0,embeded,0
6.95629,5.02217,1,3,0,0,embeded,0
7.4514,5.05569,1,3,0,0,embeded,0
7.94652,5.07804,1,3,0,0,embeded,0
8.44163,5.08534,1,3,0,0,embeded,0
8.93675,5.08876,1,3,0,0,embeded,0
9.43187,5.08944,1,3,0,0,embeded,0
9.92698,5.09469,1,3,0,0,embeded,0
10.4221,5.09491,1,3,0,0,embeded,0
10.88185,5.09491,1,3,0,0,embeded,0
11.3416,5.09423,1,3,0,0,embeded,0
11.83671,5.07667,1,3,0,0,embeded,0
12.33183,5.06436,1,3,0,0,embeded,0
12.82694,5.04451,1,3,0,0,embeded,0
13.32206,5.03197,1,3,0,0,embeded,0
13.81717,5.01008,1,3,0,0,embeded,0
14.31229,4.99001,1,3,0,0,embeded,0
14.78383,4.97947,1,3,0,0,embeded,0
1.03848,1.8192,1,3,0,0.2,embeded,0
1.17994,2.02608,1,3,0,0.2,embeded,0
1.29783,2.23776,1,3,0,0.2,embeded,0
1.4275,2.46173,1,3,0,0.2,embeded,0
1.55717,2.64004,1,3,0,0.2,embeded,0
1.69863,2.86253,1,3,0,0.2,embeded,0
1.85188,3.06994,1,3,0,0.2,embeded,0
2.02871,3.30168,1,3,0,0.2,embeded,0
2.25269,3.49776,1,3,0,0.2,embeded,0
2.50025,3.69781,1,3,0,0.2,embeded,0
2.74781,3.90435,1,3,0,0.2,embeded,0
3.0661,4.12611,1,3,0,0.2,embeded,0
3.50227,4.30472,1,3,0,0.2,embeded,0
3.9856,4.50381,1,3,0,0.2,embeded,0
4.48071,4.63083,1,3,0,0.2,embeded,0
4.97583,4.75968,1,3,0,0.2,embeded,0
5.47094,4.85113,1,3,0,0.2,embeded,0
5.96606,4.91612,1,3,0,0.2,embeded,0
6.46117,4.97428,1,3,0,0.2,embeded,0
6.95629,5.02217,1,3,0,0.2,embeded,0
7.4514,5.05569,1,3,0,0.2,embeded,0
7.94652,5.07804,1,3,0,0.2,embeded,0
8.44163,5.08534,1,3,0,0.2,embeded,0
8.93675,5.08876,1,3,0,0.2,embeded,0
9.43187,5.08944,1,3,0,0.2,embeded,0
9.92698,5.09469,1,3,0,0.2,embeded,0
10.4221,5.09491,1,3,0,0.2,embeded,0
10.88185,5.09491,1,3,0,0.2,embeded,0
11.48306,5.06367,1,3,0,0.2,embeded,0
11.97817,5.04223,1,3,0,0.2,embeded,0
12.47329,5.02695,1,3,0,0.2,embeded,0
12.9684,5.01054,1,3,0,0.2,embeded,0
13.46352,4.99206,1,3,0,0.2,embeded,0
13.95863,4.96698,1,3,0,0.2,embeded,0
14.45375,4.94052,1,3,0,0.2,embeded,0
14.85456,4.91625,1,3,0,0.2,embeded,0
1.03848,1.642,1,3,0,0.6,embeded,0
1.15637,1.85463,1,3,0,0.6,embeded,0
1.27425,2.06535,1,3,0,0.6,embeded,0
1.38035,2.25261,1,3,0,0.6,embeded,0
1.47465,2.42741,1,3,0,0.6,embeded,0
1.63969,2.77781,1,3,0,0.6,embeded,0
1.79294,2.98773,1,3,0,0.6,embeded,0
1.95798,3.22444,1,3,0,0.6,embeded,0
2.15838,3.41635,1,3,0,0.6,embeded,0
2.40594,3.62337,1,3,0,0.6,embeded,0
2.6535,3.82342,1,3,0,0.6,embeded,0
2.91285,4.04172,1,3,0,0.6,embeded,0
3.30187,4.22422,1,3,0,0.6,embeded,0
3.7734,4.42369,1,3,0,0.6,embeded,0
4.24494,4.57268,1,3,0,0.6,embeded,0
4.74006,4.7013,1,3,0,0.6,embeded,0
5.23517,4.81031,1,3,0,0.6,embeded,0
5.73029,4.88898,1,3,0,0.6,embeded,0
6.2254,4.946,1,3,0,0.6,embeded,0
6.72052,5.00233,1,3,0,0.6,embeded,0
7.21563,5.04018,1,3,0,0.6,embeded,0
7.71075,5.06914,1,3,0,0.6,embeded,0
8.20587,5.08397,1,3,0,0.6,embeded,0
8.70098,5.0867,1,3,0,0.6,embeded,0
9.1961,5.08739,1,3,0,0.6,embeded,0
9.69121,5.09446,1,3,0,0.6,embeded,0
10.18633,5.09469,1,3,0,0.6,embeded,0
10.68144,5.09491,1,3,0,0.6,embeded,0
11.04688,5.09491,1,3,0,0.6,embeded,0
11.50663,5.02445,1,3,0,0.6,embeded,0
12.00175,4.99389,1,3,0,0.6,embeded,0
12.49687,4.95808,1,3,0,0.6,embeded,0
12.99198,4.93072,1,3,0,0.6,embeded,0
13.4871,4.89605,1,3,0,0.6,embeded,0
13.98221,4.85523,1,3,0,0.6,embeded,0
14.47733,4.81441,1,3,0,0.6,embeded,0
14.86635,4.78163,1,3,0,0.6,embeded,0
1.06069,1.70126,1,4,0,0,embeded,0
1.16577,1.84019,1,4,0,0,embeded,0
1.25772,1.9846,1,4,0,0,embeded,0
1.34968,2.1349,1,4,0,0,embeded,0
1.42936,2.28226,1,4,0,0,embeded,0
1.50293,2.38836,1,4,0,0,embeded,0
1.57955,2.50231,1,4,0,0,embeded,0
1.76345,2.79899,1,4,0,0,embeded,0
1.96268,3.07545,1,4,0,0,embeded,0
2.20788,3.33602,1,4,0,0,embeded,0
2.49905,3.57781,1,4,0,0,embeded,0
2.80555,3.81948,1,4,0,0,embeded,0
3.23465,4.08065,1,4,0,0,embeded,0
3.817,4.31046,1,4,0,0,embeded,0
4.44533,4.51533,1,4,0,0,embeded,0
5.08898,4.677,1,4,0,0,embeded,0
5.73263,4.79096,1,4,0,0,embeded,0
6.37628,4.88133,1,4,0,0,embeded,0
7.01993,4.96189,1,4,0,0,embeded,0
7.66358,5.01831,1,4,0,0,embeded,0
8.30723,5.07444,1,4,0,0,embeded,0
8.95087,5.107,1,4,0,0,embeded,0
9.59453,5.12103,1,4,0,0,embeded,0
10.23818,5.12272,1,4,0,0,embeded,0
10.88183,5.1157,1,4,0,0,embeded,0
11.52548,5.0969,1,4,0,0,embeded,0
12.16913,5.08791,1,4,0,0,embeded,0
12.78213,5.07954,1,4,0,0,embeded,0
13.30318,5.07276,1,4,0,0,embeded,0
13.94683,5.0562,1,4,0,0,embeded,0
14.59047,5.03346,1,4,0,0,embeded,0
15.23413,5.00624,1,4,0,0,embeded,0
15.87778,4.98462,1,4,0,0,embeded,0
16.52143,4.96498,1,4,0,0,embeded,0
17.16508,4.93719,1,4,0,0,embeded,0
17.80873,4.90632,1,4,0,0,embeded,0
18.45238,4.88807,1,4,0,0,embeded,0
19.09603,4.86674,1,4,0,0,embeded,0
19.6937,4.84985,1,4,0,0,embeded,0
1.06069,1.70126,1,4,0,0.2,embeded,0
1.16577,1.84019,1,4,0,0.2,embeded,0
1.25772,1.9846,1,4,0,0.2,embeded,0
1.34968,2.1349,1,4,0,0.2,embeded,0
1.42936,2.28226,1,4,0,0.2,embeded,0
1.50293,2.38836,1,4,0,0.2,embeded,0
1.57955,2.50231,1,4,0,0.2,embeded,0
1.76345,2.79899,1,4,0,0.2,embeded,0
1.96268,3.07545,1,4,0,0.2,embeded,0
2.20788,3.33602,1,4,0,0.2,embeded,0
2.49905,3.57781,1,4,0,0.2,embeded,0
2.80555,3.81948,1,4,0,0.2,embeded,0
3.23465,4.08065,1,4,0,0.2,embeded,0
3.817,4.31046,1,4,0,0.2,embeded,0
4.44533,4.51533,1,4,0,0.2,embeded,0
5.08898,4.677,1,4,0,0.2,embeded,0
5.73263,4.79096,1,4,0,0.2,embeded,0
6.37628,4.88133,1,4,0,0.2,embeded,0
7.01993,4.96189,1,4,0,0.2,embeded,0
7.66358,5.01831,1,4,0,0.2,embeded,0
8.30723,5.07444,1,4,0,0.2,embeded,0
8.95087,5.107,1,4,0,0.2,embeded,0
9.59453,5.12103,1,4,0,0.2,embeded,0
10.23818,5.12272,1,4,0,0.2,embeded,0
10.88183,5.1157,1,4,0,0.2,embeded,0
11.52548,5.0969,1,4,0,0.2,embeded,0
12.16913,5.08791,1,4,0,0.2,embeded,0
12.78213,5.07954,1,4,0,0.2,embeded,0
13.33383,5.04357,1,4,0,0.2,embeded,0
13.97748,5.01971,1,4,0,0.2,embeded,0
14.62113,4.99136,1,4,0,0.2,embeded,0
15.26478,4.97143,1,4,0,0.2,embeded,0
15.90842,4.94224,1,4,0,0.2,embeded,0
16.55208,4.89537,1,4,0,0.2,embeded,0
17.19573,4.86758,1,4,0,0.2,embeded,0
17.83938,4.83839,1,4,0,0.2,embeded,0
18.48303,4.80134,1,4,0,0.2,embeded,0
19.12668,4.75699,1,4,0,0.2,embeded,0
19.70903,4.719,1,4,0,0.2,embeded,0
1.03551,1.4777,1,4,0,0.6,embeded,0
1.1614,1.63642,1,4,0,0.6,embeded,0
1.25772,1.79402,1,4,0,0.6,embeded,0
1.33435,1.92271,1,4,0,0.6,embeded,0
1.39871,2.04649,1,4,0,0.6,embeded,0
1.57955,2.50231,1,4,0,0.6,embeded,0
1.76345,2.79899,1,4,0,0.6,embeded,0
1.96268,3.07545,1,4,0,0.6,embeded,0
2.20788,3.33602,1,4,0,0.6,embeded,0
2.49905,3.57781,1,4,0,0.6,embeded,0
2.80555,3.81948,1,4,0,0.6,embeded,0
3.23465,4.08065,1,4,0,0.6,embeded,0
3.817,4.31046,1,4,0,0.6,embeded,0
4.44533,4.51533,1,4,0,0.6,embeded,0
5.08898,4.677,1,4,0,0.6,embeded,0
5.73263,4.79096,1,4,0,0.6,embeded,0
6.37628,4.88133,1,4,0,0.6,embeded,0
7.01993,4.96189,1,4,0,0.6,embeded,0
7.66358,5.01831,1,4,0,0.6,embeded,0
8.30723,5.07444,1,4,0,0.6,embeded,0
8.95087,5.107,1,4,0,0.6,embeded,0
9.59453,5.12103,1,4,0,0.6,embeded,0
10.23818,5.12272,1,4,0,0.6,embeded,0
10.88183,5.1157,1,4,0,0.6,embeded,0
11.52548,5.0969,1,4,0,0.6,embeded,0
12.16913,5.08791,1,4,0,0.6,embeded,0
12.78213,5.07954,1,4,0,0.6,embeded,0
13.33383,5.01213,1,4,0,0.6,embeded,0
13.97748,4.97564,1,4,0,0.6,embeded,0
14.62113,4.94056,1,4,0,0.6,embeded,0
15.26478,4.90351,1,4,0,0.6,embeded,0
15.90842,4.85579,1,4,0,0.6,embeded,0
16.55208,4.80162,1,4,0,0.6,embeded,0
17.19573,4.74942,1,4,0,0.6,embeded,0
17.83938,4.68374,1,4,0,0.6,embeded,0
18.48303,4.60543,1,4,0,0.6,embeded,0
19.12668,4.5114,1,4,0,0.6,embeded,0
19.70903,4.41493,1,4,0,0.6,embeded,0
1.22849,6.98598,1,5,0,0,embeded,0
1.73932,6.65582,1,5,0,0,embeded,0
2.03825,6.2891,1,5,0,0,embeded,0
2.10636,5.88097,1,5,0,0,embeded,0
2.17448,5.5293,1,5,0,0,embeded,0
2.27286,5.07923,1,5,0,0,embeded,0
2.38259,4.52108,1,5,0,0,embeded,0
2.49611,3.96051,1,5,0,0,embeded,0
2.60963,3.41338,1,5,0,0,embeded,0
2.68909,2.92889,1,5,0,0,embeded,0
3.04478,2.43406,1,5,0,0,embeded,0
3.16174,2.11307,1,5,0,0,embeded,0
3.00694,1.74384,1,5,0,0,embeded,0
2.9691,1.51254,1,5,0,0,embeded,0
3.65022,2.69176,1,5,0,0,embeded,0
3.83941,3.04665,1,5,0,0,embeded,0
4.16105,3.45303,1,5,0,0,embeded,0
4.67188,3.75537,1,5,0,0,embeded,0
5.35299,4.06632,1,5,0,0,embeded,0
6.14762,4.30138,1,5,0,0,embeded,0
6.94225,4.47307,1,5,0,0,embeded,0
7.73688,4.61825,1,5,0,0,embeded,0
8.53151,4.71082,1,5,0,0,embeded,0
9.32614,4.78341,1,5,0,0,embeded,0
10.12077,4.83142,1,5,0,0,embeded,0
10.9154,4.86407,1,5,0,0,embeded,0
11.71003,4.88327,1,5,0,0,embeded,0
12.50466,4.88289,1,5,0,0,embeded,0
13.29929,4.86791,1,5,0,0,embeded,0
14.09392,4.85216,1,5,0,0,embeded,0
14.88855,4.8295,1,5,0,0,embeded,0
15.53182,4.81951,1,5,0,0,embeded,0
16.13725,4.81874,1,5,0,0,embeded,0
16.93188,4.80569,1,5,0,0,embeded,0
17.72651,4.79839,1,5,0,0,embeded,0
18.52114,4.76497,1,5,0,0,embeded,0
19.31577,4.74231,1,5,0,0,embeded,0
20.1104,4.71811,1,5,0,0,embeded,0
20.90503,4.69853,1,5,0,0,embeded,0
21.69966,4.67471,1,5,0,0,embeded,0
22.49429,4.67433,1,5,0,0,embeded,0
23.28892,4.65474,1,5,0,0,embeded,0
24.08355,4.63976,1,5,0,0,embeded,0
24.63222,4.62593,1,5,0,0,embeded,0
1.22849,6.98598,1,5,0,0.2,embeded,0
1.73932,6.65582,1,5,0,0.2,embeded,0
2.03825,6.2891,1,5,0,0.2,embeded,0
2.10636,5.88097,1,5,0,0.2,embeded,0
2.17448,5.5293,1,5,0,0.2,embeded,0
2.27286,5.07923,1,5,0,0.2,embeded,0
2.38259,4.52108,1,5,0,0.2,embeded,0
2.49611,3.96051,1,5,0,0.2,embeded,0
2.60963,3.41338,1,5,0,0.2,embeded,0
2.68909,2.92889,1,5,0,0.2,embeded,0
3.04478,2.43406,1,5,0,0.2,embeded,0
3.16174,2.11307,1,5,0,0.2,embeded,0
3.00694,1.74384,1,5,0,0.2,embeded,0
2.9691,1.51254,1,5,0,0.2,embeded,0
3.65022,2.69176,1,5,0,0.2,embeded,0
3.83941,3.04665,1,5,0,0.2,embeded,0
4.16105,3.45303,1,5,0,0.2,embeded,0
4.67188,3.75537,1,5,0,0.2,embeded,0
5.35299,4.06632,1,5,0,0.2,embeded,0
6.14762,4.30138,1,5,0,0.2,embeded,0
6.94225,4.47307,1,5,0,0.2,embeded,0
7.73688,4.61825,1,5,0,0.2,embeded,0
8.53151,4.71082,1,5,0,0.2,embeded,0
9.32614,4.78341,1,5,0,0.2,embeded,0
10.12077,4.83142,1,5,0,0.2,embeded,0
10.9154,4.86407,1,5,0,0.2,embeded,0
11.71003,4.88327,1,5,0,0.2,embeded,0
12.50466,4.88289,1,5,0,0.2,embeded,0
13.29929,4.86791,1,5,0,0.2,embeded,0
14.09392,4.85216,1,5,0,0.2,embeded,0
14.88855,4.8295,1,5,0,0.2,embeded,0
15.53182,4.81951,1,5,0,0.2,embeded,0
16.17509,4.78226,1,5,0,0.2,embeded,0
16.96972,4.75268,1,5,0,0.2,embeded,0
17.76435,4.7258,1,5,0,0.2,embeded,0
18.55898,4.71351,1,5,0,0.2,embeded,0
19.35361,4.68393,1,5,0,0.2,embeded,0
20.14824,4.65397,1,5,0,0.2,embeded,0
20.94287,4.61095,1,5,0,0.2,embeded,0
21.7375,4.56909,1,5,0,0.2,embeded,0
22.53213,4.52914,1,5,0,0.2,embeded,0
23.32676,4.47883,1,5,0,0.2,embeded,0
24.12139,4.42544,1,5,0,0.2,embeded,0
24.65114,4.38742,1,5,0,0.2,embeded,0
1.22849,6.98598,1,5,0,0.6,embeded,0
1.73932,6.65582,1,5,0,0.6,embeded,0
2.03825,6.2891,1,5,0,0.6,embeded,0
2.10636,5.88097,1,5,0,0.6,embeded,0
2.17448,5.5293,1,5,0,0.6,embeded,0
2.27286,5.07923,1,5,0,0.6,embeded,0
2.38259,4.52108,1,5,0,0.6,embeded,0
2.49611,3.96051,1,5,0,0.6,embeded,0
2.60963,3.41338,1,5,0,0.6,embeded,0
2.68909,2.92889,1,5,0,0.6,embeded,0
3.04478,2.43406,1,5,0,0.6,embeded,0
3.16174,2.11307,1,5,0,0.6,embeded,0
3.00694,1.74384,1,5,0,0.6,embeded,0
2.9691,1.51254,1,5,0,0.6,embeded,0
3.65022,2.69176,1,5,0,0.6,embeded,0
3.83941,3.04665,1,5,0,0.6,embeded,0
4.16105,3.45303,1,5,0,0.6,embeded,0
4.67188,3.75537,1,5,0,0.6,embeded,0
5.35299,4.06632,1,5,0,0.6,embeded,0
6.14762,4.30138,1,5,0,0.6,embeded,0
6.94225,4.47307,1,5,0,0.6,embeded,0
7.73688,4.61825,1,5,0,0.6,embeded,0
8.53151,4.71082,1,5,0,0.6,embeded,0
9.32614,4.78341,1,5,0,0.6,embeded,0
10.12077,4.83142,1,5,0,0.6,embeded,0
10.9154,4.86407,1,5,0,0.6,embeded,0
11.71003,4.88327,1,5,0,0.6,embeded,0
12.50466,4.88289,1,5,0,0.6,embeded,0
13.29929,4.86791,1,5,0,0.6,embeded,0
14.09392,4.85216,1,5,0,0.6,embeded,0
14.88855,4.8295,1,5,0,0.6,embeded,0
15.53182,4.81951,1,5,0,0.6,embeded,0
16.21293,4.73079,1,5,0,0.6,embeded,0
17.00756,4.69238,1,5,0,0.6,embeded,0
17.80219,4.65858,1,5,0,0.6,embeded,0
18.59682,4.60174,1,5,0,0.6,embeded,0
19.39145,4.5399,1,5,0,0.6,embeded,0
20.18608,4.4915,1,5,0,0.6,embeded,0
20.98071,4.40893,1,5,0,0.6,embeded,0
21.77534,4.30791,1,5,0,0.6,embeded,0
22.56997,4.1681,1,5,0,0.6,embeded,0
23.3646,4.01293,1,5,0,0.6,embeded,0
24.15923,3.79669,1,5,0,0.6,embeded,0
24.67006,3.6083,1,5,0,0.6,embeded,0
1.03382,2.03398,1,2,0,0,embeded,0
1.18707,2.24969,1,2,0,0,embeded,0
1.31843,2.45585,1,2,0,0,embeded,0
1.44979,2.66999,1,2,0,0,embeded,0
1.58114,2.87056,1,2,0,0,embeded,0
1.7125,3.0823,1,2,0,0,embeded,0
1.84386,3.29724,1,2,0,0,embeded,0
1.99711,3.54647,1,2,0,0,embeded,0
2.24887,3.75322,1,2,0,0,embeded,0
2.51159,3.95892,1,2,0,0,embeded,0
2.76336,4.15967,1,2,0,0,embeded,0
3.0808,4.38862,1,2,0,0,embeded,0
3.49677,4.55542,1,2,0,0,embeded,0
3.95652,4.74488,1,2,0,0,embeded,0
4.41627,4.88347,1,2,0,0,embeded,0
4.87602,4.99106,1,2,0,0,embeded,0
5.33577,5.07059,1,2,0,0,embeded,0
5.79552,5.14214,1,2,0,0,embeded,0
6.25527,5.18633,1,2,0,0,embeded,0
6.71502,5.215,1,2,0,0,embeded,0
7.01057,5.23168,1,2,0,0,embeded,0
7.01057,5.23168,1,2,0,0,embeded,0
7.32802,5.24054,1,2,0,0,embeded,0
7.78777,5.25098,1,2,0,0,embeded,0
8.24752,5.26369,1,2,0,0,embeded,0
8.70727,5.26728,1,2,0,0,embeded,0
9.16702,5.27088,1,2,0,0,embeded,0
9.58298,5.26624,1,2,0,0,embeded,0
9.99895,5.2548,1,2,0,0,embeded,0
10.4587,5.24129,1,2,0,0,embeded,0
10.91845,5.22983,1,2,0,0,embeded,0
11.3782,5.21563,1,2,0,0,embeded,0
11.70659,5.20877,1,2,0,0,embeded,0
11.9693,5.20269,1,2,0,0,embeded,0
12.42905,5.19533,1,2,0,0,embeded,0
12.8888,5.1857,1,2,0,0,embeded,0
13.34855,5.17264,1,2,0,0,embeded,0
13.8083,5.16871,1,2,0,0,embeded,0
14.08196,5.1656,1,2,0,0,embeded,0
1.03382,2.03398,1,2,0.02,0,embeded,0
1.18707,2.24969,1,2,0.02,0,embeded,0
1.31843,2.45585,1,2,0.02,0,embeded,0
1.44979,2.66999,1,2,0.02,0,embeded,0
1.58114,2.87056,1,2,0.02,0,embeded,0
1.7125,3.0823,1,2,0.02,0,embeded,0
1.84386,3.29724,1,2,0.02,0,embeded,0
1.99711,3.54647,1,2,0.02,0,embeded,0
2.24887,3.75322,1,2,0.02,0,embeded,0
2.51159,3.95892,1,2,0.02,0,embeded,0
2.76336,4.15967,1,2,0.02,0,embeded,0
3.0808,4.38862,1,2,0.02,0,embeded,0
3.49677,4.55542,1,2,0.02,0,embeded,0
3.95652,4.74488,1,2,0.02,0,embeded,0
4.41627,4.88347,1,2,0.02,0,embeded,0
4.87602,4.99106,1,2,0.02,0,embeded,0
5.33577,5.07059,1,2,0.02,0,embeded,0
5.79552,5.14214,1,2,0.02,0,embeded,0
6.25527,5.18633,1,2,0.02,0,embeded,0
6.71502,5.215,1,2,0.02,0,embeded,0
7.01057,5.23168,1,2,0.02,0,embeded,0
7.32802,5.24054,1,2,0.02,0,embeded,0
7.78777,5.25098,1,2,0.02,0,embeded,0
8.24752,5.26369,1,2,0.02,0,embeded,0
8.70727,5.26728,1,2,0.02,0,embeded,0
9.16702,5.27088,1,2,0.02,0,embeded,0
9.58298,5.26624,1,2,0.02,0,embeded,0
10.02084,5.27983,1,2,0.02,0,embeded,0
10.48059,5.26609,1,2,0.02,0,embeded,0
10.94034,5.25668,1,2,0.02,0,embeded,0
11.40009,5.24499,1,2,0.02,0,embeded,0
11.71754,5.24111,1,2,0.02,0,embeded,0
11.85984,5.24076,1,2,0.02,0,embeded,0
12.10066,5.23633,1,2,0.02,0,embeded,0
12.34148,5.22906,1,2,0.02,0,embeded,0
12.5823,5.22224,1,2,0.02,0,embeded,0
12.82313,5.21585,1,2,0.02,0,embeded,0
13.06395,5.21512,1,2,0.02,0,embeded,0
13.30477,5.21047,1,2,0.02,0,embeded,0
13.54559,5.2093,1,2,0.02,0,embeded,0
13.78641,5.20117,1,2,0.02,0,embeded,0
14.01629,5.19382,1,2,0.02,0,embeded,0
1.03382,1.66981,1,2,0.02,0.2,embeded,0
1.15423,1.87126,1,2,0.02,0.2,embeded,0
1.2637,2.09528,1,2,0.02,0.2,embeded,0
1.37316,2.31548,1,2,0.02,0.2,embeded,0
1.48263,2.54142,1,2,0.02,0.2,embeded,0
1.60304,2.75499,1,2,0.02,0.2,embeded,0
1.73439,2.9851,1,2,0.02,0.2,embeded,0
1.86575,3.20562,1,2,0.02,0.2,embeded,0
1.99711,3.43173,1,2,0.02,0.2,embeded,0
2.07373,3.53929,1,2,0.02,0.2,embeded,0
2.24887,3.75322,1,2,0.02,0.2,embeded,0
2.51159,3.95892,1,2,0.02,0.2,embeded,0
2.76336,4.15967,1,2,0.02,0.2,embeded,0
3.0808,4.38862,1,2,0.02,0.2,embeded,0
3.49677,4.55542,1,2,0.02,0.2,embeded,0
3.95652,4.74488,1,2,0.02,0.2,embeded,0
4.41627,4.88347,1,2,0.02,0.2,embeded,0
4.87602,4.99106,1,2,0.02,0.2,embeded,0
5.33577,5.07059,1,2,0.02,0.2,embeded,0
5.79552,5.14214,1,2,0.02,0.2,embeded,0
6.25527,5.18633,1,2,0.02,0.2,embeded,0
6.71502,5.215,1,2,0.02,0.2,embeded,0
7.01057,5.23168,1,2,0.02,0.2,embeded,0
7.32802,5.21455,1,2,0.02,0.2,embeded,0
7.78777,5.22179,1,2,0.02,0.2,embeded,0
8.24752,5.23496,1,2,0.02,0.2,embeded,0
8.70727,5.22943,1,2,0.02,0.2,embeded,0
9.16702,5.2182,1,2,0.02,0.2,embeded,0
9.58298,5.20961,1,2,0.02,0.2,embeded,0
9.99895,5.20463,1,2,0.02,0.2,embeded,0
10.4587,5.19157,1,2,0.02,0.2,embeded,0
10.91845,5.18444,1,2,0.02,0.2,embeded,0
11.3782,5.14995,1,2,0.02,0.2,embeded,0
11.70659,5.13002,1,2,0.02,0.2,embeded,0
11.90363,5.17775,1,2,0.02,0.2,embeded,0
12.14445,5.16527,1,2,0.02,0.2,embeded,0
12.38527,5.15322,1,2,0.02,0.2,embeded,0
12.62609,5.13899,1,2,0.02,0.2,embeded,0
12.86691,5.12868,1,2,0.02,0.2,embeded,0
13.10773,5.10749,1,2,0.02,0.2,embeded,0
13.34855,5.09108,1,2,0.02,0.2,embeded,0
13.58938,5.07381,1,2,0.02,0.2,embeded,0
13.8302,5.05479,1,2,0.02,0.2,embeded,0
14.03818,5.04014,1,2,0.02,0.2,embeded,0
1.03382,1.66981,1,2,-0.02,0.2,embeded,0
1.15423,1.87126,1,2,-0.02,0.2,embeded,0
1.2637,2.09528,1,2,-0.02,0.2,embeded,0
1.37316,2.31548,1,2,-0.02,0.2,embeded,0
1.48263,2.54142,1,2,-0.02,0.2,embeded,0
1.60304,2.75499,1,2,-0.02,0.2,embeded,0
1.73439,2.9851,1,2,-0.02,0.2,embeded,0
1.86575,3.20562,1,2,-0.02,0.2,embeded,0
1.99711,3.43173,1,2,-0.02,0.2,embeded,0
2.07373,3.53929,1,2,-0.02,0.2,embeded,0
2.24887,3.75322,1,2,-0.02,0.2,embeded,0
2.51159,3.95892,1,2,-0.02,0.2,embeded,0
2.76336,4.15967,1,2,-0.02,0.2,embeded,0
3.0808,4.38862,1,2,-0.02,0.2,embeded,0
3.49677,4.55542,1,2,-0.02,0.2,embeded,0
3.95652,4.74488,1,2,-0.02,0.2,embeded,0
4.41627,4.88347,1,2,-0.02,0.2,embeded,0
4.87602,4.99106,1,2,-0.02,0.2,embeded,0
5.33577,5.07059,1,2,-0.02,0.2,embeded,0
5.79552,5.14214,1,2,-0.02,0.2,embeded,0
6.25527,5.18633,1,2,-0.02,0.2,embeded,0
6.71502,5.215,1,2,-0.02,0.2,embeded,0
7.01057,5.23168,1,2,-0.02,0.2,embeded,0
7.32802,5.24054,1,2,-0.02,0.2,embeded,0
7.78777,5.25098,1,2,-0.02,0.2,embeded,0
8.24752,5.26369,1,2,-0.02,0.2,embeded,0
8.70727,5.26728,1,2,-0.02,0.2,embeded,0
9.16702,5.27088,1,2,-0.02,0.2,embeded,0
9.58298,5.26624,1,2,-0.02,0.2,embeded,0
9.99895,5.20463,1,2,-0.02,0.2,embeded,0
10.4587,5.19157,1,2,-0.02,0.2,embeded,0
10.91845,5.18444,1,2,-0.02,0.2,embeded,0
11.3782,5.14995,1,2,-0.02,0.2,embeded,0
11.70659,5.13002,1,2,-0.02,0.2,embeded,0
11.85984,5.12517,1,2,-0.02,0.2,embeded,0
12.10066,5.11834,1,2,-0.02,0.2,embeded,0
12.34148,5.09889,1,2,-0.02,0.2,embeded,0
12.5823,5.08161,1,2,-0.02,0.2,embeded,0
12.82313,5.06913,1,2,-0.02,0.2,embeded,0
13.06395,5.05664,1,2,-0.02,0.2,embeded,0
13.30477,5.0385,1,2,-0.02,0.2,embeded,0
13.54559,5.01513,1,2,-0.02,0.2,embeded,0
13.78641,4.99698,1,2,-0.02,0.2,embeded,0
14.01629,4.98598,1,2,-0.02,0.2,embeded,0
1.0261,1.84749,1,3,0,0,embeded,0
1.17935,2.04133,1,3,0,0,embeded,0
1.32081,2.25604,1,3,0,0,embeded,0
1.46227,2.47554,1,3,0,0,embeded,0
1.59194,2.67955,1,3,0,0,embeded,0
1.72162,2.8858,1,3,0,0,embeded,0
1.86308,3.1077,1,3,0,0,embeded,0
2.02812,3.33637,1,3,0,0,embeded,0
2.2521,3.52783,1,3,0,0,embeded,0
2.51144,3.73158,1,3,0,0,embeded,0
2.759,3.93237,1,3,0,0,embeded,0
3.07729,4.1503,1,3,0,0,embeded,0
3.51346,4.33585,1,3,0,0,embeded,0
3.99679,4.52799,1,3,0,0,embeded,0
4.4919,4.66482,1,3,0,0,embeded,0
4.98702,4.78911,1,3,0,0,embeded,0
5.48213,4.87326,1,3,0,0,embeded,0
5.97725,4.9492,1,3,0,0,embeded,0
6.47237,5.01876,1,3,0,0,embeded,0
6.96748,5.06551,1,3,0,0,embeded,0
7.4626,5.08923,1,3,0,0,embeded,0
7.95771,5.11408,1,3,0,0,embeded,0
8.45283,5.13643,1,3,0,0,embeded,0
8.94794,5.14647,1,3,0,0,embeded,0
9.44306,5.15331,1,3,0,0,embeded,0
9.79671,5.15741,1,3,0,0,embeded,0
10.19752,5.1435,1,3,0,0,embeded,0
10.69263,5.12868,1,3,0,0,embeded,0
11.18775,5.11865,1,3,0,0,embeded,0
11.68287,5.10109,1,3,0,0,embeded,0
12.17798,5.09516,1,3,0,0,embeded,0
12.6731,5.07326,1,3,0,0,embeded,0
13.16821,5.0614,1,3,0,0,embeded,0
13.66333,5.04111,1,3,0,0,embeded,0
14.15844,5.02036,1,3,0,0,embeded,0
14.65356,4.99253,1,3,0,0,embeded,0
14.93648,4.97703,1,3,0,0,embeded,0
1.0261,1.84749,1,3,0.02,0,embeded,0
1.17935,2.04133,1,3,0.02,0,embeded,0
1.32081,2.25604,1,3,0.02,0,embeded,0
1.46227,2.47554,1,3,0.02,0,embeded,0
1.59194,2.67955,1,3,0.02,0,embeded,0
1.72162,2.8858,1,3,0.02,0,embeded,0
1.86308,3.1077,1,3,0.02,0,embeded,0
2.02812,3.33637,1,3,0.02,0,embeded,0
2.2521,3.52783,1,3,0.02,0,embeded,0
2.51144,3.73158,1,3,0.02,0,embeded,0
2.759,3.93237,1,3,0.02,0,embeded,0
3.07729,4.1503,1,3,0.02,0,embeded,0
3.51346,4.33585,1,3,0.02,0,embeded,0
3.99679,4.52799,1,3,0.02,0,embeded,0
4.4919,4.66482,1,3,0.02,0,embeded,0
4.98702,4.78911,1,3,0.02,0,embeded,0
5.48213,4.87326,1,3,0.02,0,embeded,0
5.97725,4.9492,1,3,0.02,0,embeded,0
6.47237,5.01876,1,3,0.02,0,embeded,0
6.96748,5.06551,1,3,0.02,0,embeded,0
7.4626,5.08923,1,3,0.02,0,embeded,0
7.95771,5.11408,1,3,0.02,0,embeded,0
8.45283,5.13643,1,3,0.02,0,embeded,0
8.94794,5.14647,1,3,0.02,0,embeded,0
9.44306,5.15331,1,3,0.02,0,embeded,0
9.79671,5.15741,1,3,0.02,0,embeded,0
10.43329,5.16243,1,3,0.02,0,embeded,0
10.9284,5.1565,1,3,0.02,0,embeded,0
11.42352,5.14305,1,3,0.02,0,embeded,0
11.91863,5.13233,1,3,0.02,0,embeded,0
12.41375,5.10998,1,3,0.02,0,embeded,0
12.90887,5.09128,1,3,0.02,0,embeded,0
13.40398,5.08535,1,3,0.02,0,embeded,0
13.8991,5.06642,1,3,0.02,0,embeded,0
14.39421,5.04818,1,3,0.02,0,embeded,0
14.80681,5.03974,1,3,0.02,0,embeded,0
1.0261,1.84749,1,3,0.02,0.2,embeded,0
1.17935,2.04133,1,3,0.02,0.2,embeded,0
1.32081,2.25604,1,3,0.02,0.2,embeded,0
1.46227,2.47554,1,3,0.02,0.2,embeded,0
1.59194,2.67955,1,3,0.02,0.2,embeded,0
1.72162,2.8858,1,3,0.02,0.2,embeded,0
1.86308,3.1077,1,3,0.02,0.2,embeded,0
2.02812,3.33637,1,3,0.02,0.2,embeded,0
2.2521,3.52783,1,3,0.02,0.2,embeded,0
2.51144,3.73158,1,3,0.02,0.2,embeded,0
2.759,3.93237,1,3,0.02,0.2,embeded,0
3.07729,4.1503,1,3,0.02,0.2,embeded,0
3.51346,4.33585,1,3,0.02,0.2,embeded,0
3.99679,4.52799,1,3,0.02,0.2,embeded,0
4.4919,4.66482,1,3,0.02,0.2,embeded,0
4.98702,4.78911,1,3,0.02,0.2,embeded,0
5.48213,4.87326,1,3,0.02,0.2,embeded,0
5.97725,4.9492,1,3,0.02,0.2,embeded,0
6.47237,5.01876,1,3,0.02,0.2,embeded,0
6.96748,5.06551,1,3,0.02,0.2,embeded,0
7.4626,5.08923,1,3,0.02,0.2,embeded,0
7.95771,5.11408,1,3,0.02,0.2,embeded,0
8.45283,5.13643,1,3,0.02,0.2,embeded,0
8.94794,5.14647,1,3,0.02,0.2,embeded,0
9.44306,5.15331,1,3,0.02,0.2,embeded,0
9.79671,5.15741,1,3,0.02,0.2,embeded,0
10.24467,5.10884,1,3,0.02,0.2,embeded,0
10.73979,5.09128,1,3,0.02,0.2,embeded,0
11.2349,5.07828,1,3,0.02,0.2,embeded,0
11.73002,5.07007,1,3,0.02,0.2,embeded,0
12.22513,5.05046,1,3,0.02,0.2,embeded,0
12.72025,5.024,1,3,0.02,0.2,embeded,0
13.21537,4.99641,1,3,0.02,0.2,embeded,0
13.71048,4.96996,1,3,0.02,0.2,embeded,0
14.2056,4.94145,1,3,0.02,0.2,embeded,0
14.70071,4.91614,1,3,0.02,0.2,embeded,0
14.96006,4.8988,1,3,0.02,0.2,embeded,0
1.0261,1.84749,1,3,-0.02,0.2,embeded,0
1.17935,2.04133,1,3,-0.02,0.2,embeded,0
1.32081,2.25604,1,3,-0.02,0.2,embeded,0
1.46227,2.47554,1,3,-0.02,0.2,embeded,0
1.59194,2.67955,1,3,-0.02,0.2,embeded,0
1.72162,2.8858,1,3,-0.02,0.2,embeded,0
1.86308,3.1077,1,3,-0.02,0.2,embeded,0
2.02812,3.33637,1,3,-0.02,0.2,embeded,0
2.2521,3.52783,1,3,-0.02,0.2,embeded,0
2.51144,3.73158,1,3,-0.02,0.2,embeded,0
2.759,3.93237,1,3,-0.02,0.2,embeded,0
3.07729,4.1503,1,3,-0.02,0.2,embeded,0
3.51346,4.33585,1,3,-0.02,0.2,embeded,0
3.99679,4.52799,1,3,-0.02,0.2,embeded,0
4.4919,4.66482,1,3,-0.02,0.2,embeded,0
4.98702,4.78911,1,3,-0.02,0.2,embeded,0
5.48213,4.87326,1,3,-0.02,0.2,embeded,0
5.97725,4.9492,1,3,-0.02,0.2,embeded,0
6.47237,5.01876,1,3,-0.02,0.2,embeded,0
6.96748,5.06551,1,3,-0.02,0.2,embeded,0
7.4626,5.08923,1,3,-0.02,0.2,embeded,0
7.95771,5.11408,1,3,-0.02,0.2,embeded,0
8.45283,5.13643,1,3,-0.02,0.2,embeded,0
8.94794,5.14647,1,3,-0.02,0.2,embeded,0
9.44306,5.15331,1,3,-0.02,0.2,embeded,0
9.79671,5.15741,1,3,-0.02,0.2,embeded,0
10.24467,5.10884,1,3,-0.02,0.2,embeded,0
10.73979,5.09128,1,3,-0.02,0.2,embeded,0
11.2349,5.07828,1,3,-0.02,0.2,embeded,0
11.73002,5.07007,1,3,-0.02,0.2,embeded,0
12.22513,5.05046,1,3,-0.02,0.2,embeded,0
12.72025,5.024,1,3,-0.02,0.2,embeded,0
13.21537,4.99641,1,3,-0.02,0.2,embeded,0
13.71048,4.96996,1,3,-0.02,0.2,embeded,0
14.2056,4.94145,1,3,-0.02,0.2,embeded,0
14.70071,4.91614,1,3,-0.02,0.2,embeded,0
14.96006,4.8988,1,3,-0.02,0.2,embeded,0
1.04144,1.73933,1,4,0,0,embeded,0
1.19943,1.95524,1,4,0,0,embeded,0
1.34162,2.16476,1,4,0,0,embeded,0
1.49961,2.3908,1,4,0,0,embeded,0
1.6418,2.60535,1,4,0,0,embeded,0
1.78399,2.82756,1,4,0,0,embeded,0
1.94198,3.06127,1,4,0,0,embeded,0
2.13157,3.27445,1,4,0,0,embeded,0
2.36856,3.4614,1,4,0,0,embeded,0
2.63714,3.67225,1,4,0,0,embeded,0
2.92152,3.87711,1,4,0,0,embeded,0
3.3007,4.08581,1,4,0,0,embeded,0
3.79046,4.2899,1,4,0,0,embeded,0
4.37503,4.46488,1,4,0,0,embeded,0
5.03858,4.62223,1,4,0,0,embeded,0
5.70214,4.74424,1,4,0,0,embeded,0
6.3657,4.8464,1,4,0,0,embeded,0
7.02925,4.92508,1,4,0,0,embeded,0
7.69281,4.99281,1,4,0,0,embeded,0
8.35637,5.04641,1,4,0,0,embeded,0
9.01992,5.08198,1,4,0,0,embeded,0
9.68348,5.0984,1,4,0,0,embeded,0
10.34704,5.09726,1,4,0,0,embeded,0
10.78941,5.09566,1,4,0,0,embeded,0
11.20018,5.09566,1,4,0,0,embeded,0
11.86374,5.09202,1,4,0,0,embeded,0
12.52729,5.07537,1,4,0,0,embeded,0
13.19085,5.05165,1,4,0,0,embeded,0
13.85441,5.02816,1,4,0,0,embeded,0
14.51796,5.00308,1,4,0,0,embeded,0
15.18152,4.97639,1,4,0,0,embeded,0
15.84508,4.94698,1,4,0,0,embeded,0
16.50863,4.92349,1,4,0,0,embeded,0
17.17219,4.89703,1,4,0,0,embeded,0
17.83575,4.88244,1,4,0,0,embeded,0
18.4993,4.8667,1,4,0,0,embeded,0
19.16286,4.84458,1,4,0,0,embeded,0
19.81062,4.82508,1,4,0,0,embeded,0
1.04144,1.73933,1,4,0.02,0,embeded,0
1.19943,1.95524,1,4,0.02,0,embeded,0
1.34162,2.16476,1,4,0.02,0,embeded,0
1.49961,2.3908,1,4,0.02,0,embeded,0
1.6418,2.60535,1,4,0.02,0,embeded,0
1.78399,2.82756,1,4,0.02,0,embeded,0
1.94198,3.06127,1,4,0.02,0,embeded,0
2.13157,3.27445,1,4,0.02,0,embeded,0
2.36856,3.4614,1,4,0.02,0,embeded,0
2.63714,3.67225,1,4,0.02,0,embeded,0
2.92152,3.87711,1,4,0.02,0,embeded,0
3.3007,4.08581,1,4,0.02,0,embeded,0
3.79046,4.2899,1,4,0.02,0,embeded,0
4.37503,4.46488,1,4,0.02,0,embeded,0
5.03858,4.62223,1,4,0.02,0,embeded,0
5.70214,4.74424,1,4,0.02,0,embeded,0
6.3657,4.8464,1,4,0.02,0,embeded,0
7.02925,4.92508,1,4,0.02,0,embeded,0
7.69281,4.99281,1,4,0.02,0,embeded,0
8.35637,5.04641,1,4,0.02,0,embeded,0
9.01992,5.08198,1,4,0.02,0,embeded,0
9.68348,5.0984,1,4,0.02,0,embeded,0
10.34704,5.09726,1,4,0.02,0,embeded,0
10.78941,5.09566,1,4,0.02,0,embeded,0
11.20018,5.09566,1,4,0.02,0,embeded,0
11.86374,5.09202,1,4,0.02,0,embeded,0
12.52729,5.07537,1,4,0.02,0,embeded,0
13.34884,5.0724,1,4,0.02,0,embeded,0
14.0124,5.0537,1,4,0.02,0,embeded,0
14.67595,5.02953,1,4,0.02,0,embeded,0
15.33951,5.00695,1,4,0.02,0,embeded,0
16.00307,4.98324,1,4,0.02,0,embeded,0
16.66662,4.95975,1,4,0.02,0,embeded,0
17.33018,4.9342,1,4,0.02,0,embeded,0
17.99374,4.9187,1,4,0.02,0,embeded,0
18.65729,4.90342,1,4,0.02,0,embeded,0
19.32085,4.87879,1,4,0.02,0,embeded,0
19.88961,4.86611,1,4,0.02,0,embeded,0
1.04144,1.73933,1,4,0.02,0.2,embeded,0
1.19943,1.95524,1,4,0.02,0.2,embeded,0
1.34162,2.16476,1,4,0.02,0.2,embeded,0
1.49961,2.3908,1,4,0.02,0.2,embeded,0
1.6418,2.60535,1,4,0.02,0.2,embeded,0
1.78399,2.82756,1,4,0.02,0.2,embeded,0
1.94198,3.06127,1,4,0.02,0.2,embeded,0
2.13157,3.27445,1,4,0.02,0.2,embeded,0
2.36856,3.4614,1,4,0.02,0.2,embeded,0
2.63714,3.67225,1,4,0.02,0.2,embeded,0
2.92152,3.87711,1,4,0.02,0.2,embeded,0
3.3007,4.08581,1,4,0.02,0.2,embeded,0
3.79046,4.2899,1,4,0.02,0.2,embeded,0
4.37503,4.46488,1,4,0.02,0.2,embeded,0
5.03858,4.62223,1,4,0.02,0.2,embeded,0
5.70214,4.74424,1,4,0.02,0.2,embeded,0
6.3657,4.8464,1,4,0.02,0.2,embeded,0
7.02925,4.92508,1,4,0.02,0.2,embeded,0
7.69281,4.99281,1,4,0.02,0.2,embeded,0
8.35637,5.04641,1,4,0.02,0.2,embeded,0
9.01992,5.08198,1,4,0.02,0.2,embeded,0
9.68348,5.0984,1,4,0.02,0.2,embeded,0
10.34704,5.09726,1,4,0.02,0.2,embeded,0
10.78941,5.09566,1,4,0.02,0.2,embeded,0
11.29497,5.05165,1,4,0.02,0.2,embeded,0
11.95853,5.04595,1,4,0.02,0.2,embeded,0
12.62209,5.0195,1,4,0.02,0.2,embeded,0
13.28564,4.99259,1,4,0.02,0.2,embeded,0
13.9492,4.96499,1,4,0.02,0.2,embeded,0
14.61276,4.92827,1,4,0.02,0.2,embeded,0
15.27631,4.89863,1,4,0.02,0.2,embeded,0
15.93987,4.86191,1,4,0.02,0.2,embeded,0
16.60343,4.82634,1,4,0.02,0.2,embeded,0
17.26698,4.80444,1,4,0.02,0.2,embeded,0
17.93054,4.76134,1,4,0.02,0.2,embeded,0
18.5941,4.72668,1,4,0.02,0.2,embeded,0
19.25765,4.68654,1,4,0.02,0.2,embeded,0
19.85802,4.64915,1,4,0.02,0.2,embeded,0
1.04144,1.73933,1,4,-0.02,0.2,embeded,0
1.19943,1.95524,1,4,-0.02,0.2,embeded,0
1.34162,2.16476,1,4,-0.02,0.2,embeded,0
1.49961,2.3908,1,4,-0.02,0.2,embeded,0
1.6418,2.60535,1,4,-0.02,0.2,embeded,0
1.78399,2.82756,1,4,-0.02,0.2,embeded,0
1.94198,3.06127,1,4,-0.02,0.2,embeded,0
2.13157,3.27445,1,4,-0.02,0.2,embeded,0
2.36856,3.4614,1,4,-0.02,0.2,embeded,0
2.63714,3.67225,1,4,-0.02,0.2,embeded,0
2.92152,3.87711,1,4,-0.02,0.2,embeded,0
3.3007,4.08581,1,4,-0.02,0.2,embeded,0
3.79046,4.2899,1,4,-0.02,0.2,embeded,0
4.37503,4.46488,1,4,-0.02,0.2,embeded,0
5.03858,4.62223,1,4,-0.02,0.2,embeded,0
5.70214,4.74424,1,4,-0.02,0.2,embeded,0
6.3657,4.8464,1,4,-0.02,0.2,embeded,0
7.02925,4.92508,1,4,-0.02,0.2,embeded,0
7.69281,4.99281,1,4,-0.02,0.2,embeded,0
8.35637,5.04641,1,4,-0.02,0.2,embeded,0
9.01992,5.08198,1,4,-0.02,0.2,embeded,0
9.68348,5.0984,1,4,-0.02,0.2,embeded,0
10.34704,5.09726,1,4,-0.02,0.2,embeded,0
10.78941,5.09566,1,4,-0.02,0.2,embeded,0
11.29497,5.05165,1,4,-0.02,0.2,embeded,0
11.95853,5.04595,1,4,-0.02,0.2,embeded,0
12.62209,5.0195,1,4,-0.02,0.2,embeded,0
13.28564,4.99259,1,4,-0.02,0.2,embeded,0
13.9492,4.96499,1,4,-0.02,0.2,embeded,0
14.61276,4.92827,1,4,-0.02,0.2,embeded,0
15.27631,4.89863,1,4,-0.02,0.2,embeded,0
15.93987,4.86191,1,4,-0.02,0.2,embeded,0
16.60343,4.82634,1,4,-0.02,0.2,embeded,0
17.26698,4.80444,1,4,-0.02,0.2,embeded,0
17.93054,4.76134,1,4,-0.02,0.2,embeded,0
18.5941,4.72668,1,4,-0.02,0.2,embeded,0
19.25765,4.68654,1,4,-0.02,0.2,embeded,0
19.85802,4.64915,1,4,-0.02,0.2,embeded,0
0.99246,7.00671,1,5,0,0,embeded,0
1.51762,6.64774,1,5,0,0,embeded,0
1.86971,6.34428,1,5,0,0,embeded,0
1.93961,5.93271,1,5,0,0,embeded,0
2.08253,5.44654,1,5,0,0,embeded,0
2.19934,4.92517,1,5,0,0,embeded,0
2.28669,4.56445,1,5,0,0,embeded,0
2.37962,4.14689,1,5,0,0,embeded,0
2.48565,3.67505,1,5,0,0,embeded,0
2.61368,3.23042,1,5,0,0,embeded,0
2.72707,2.76694,1,5,0,0,embeded,0
3.16679,2.30152,1,5,0,0,embeded,0
3.01137,1.86768,1,5,0,0,embeded,0
3.00429,1.68685,1,5,0,0,embeded,0
3.60003,2.73294,1,5,0,0,embeded,0
3.77924,3.09234,1,5,0,0,embeded,0
4.11026,3.4676,1,5,0,0,embeded,0
4.61426,3.78981,1,5,0,0,embeded,0
5.29039,4.08649,1,5,0,0,embeded,0
6.08258,4.32402,1,5,0,0,embeded,0
6.87647,4.50663,1,5,0,0,embeded,0
7.67151,4.65237,1,5,0,0,embeded,0
8.46846,4.73666,1,5,0,0,embeded,0
9.26586,4.80636,1,5,0,0,embeded,0
10.06392,4.85493,1,5,0,0,embeded,0
10.86281,4.87662,1,5,0,0,embeded,0
11.66194,4.89063,1,5,0,0,embeded,0
12.46128,4.89773,1,5,0,0,embeded,0
13.26078,4.89983,1,5,0,0,embeded,0
14.06028,4.90193,1,5,0,0,embeded,0
14.86017,4.89137,1,5,0,0,embeded,0
15.66071,4.86006,1,5,0,0,embeded,0
16.46078,4.84373,1,5,0,0,embeded,0
17.26049,4.8393,1,5,0,0,embeded,0
17.69911,4.81472,1,5,0,0,embeded,0
18.21364,4.79764,1,5,0,0,embeded,0
19.01373,4.78092,1,5,0,0,embeded,0
19.81402,4.75768,1,5,0,0,embeded,0
20.61375,4.7521,1,5,0,0,embeded,0
21.4135,4.74614,1,5,0,0,embeded,0
22.2137,4.72597,1,5,0,0,embeded,0
23.01345,4.72001,1,5,0,0,embeded,0
23.81335,4.70906,1,5,0,0,embeded,0
24.5182,4.69404,1,5,0,0,embeded,0
0.99246,7.00671,1,5,0.02,0,embeded,0
1.51762,6.64774,1,5,0.02,0,embeded,0
1.86971,6.34428,1,5,0.02,0,embeded,0
1.93961,5.93271,1,5,0.02,0,embeded,0
2.08253,5.44654,1,5,0.02,0,embeded,0
2.19934,4.92517,1,5,0.02,0,embeded,0
2.28669,4.56445,1,5,0.02,0,embeded,0
2.37962,4.14689,1,5,0.02,0,embeded,0
2.48565,3.67505,1,5,0.02,0,embeded,0
2.61368,3.23042,1,5,0.02,0,embeded,0
2.72707,2.76694,1,5,0.02,0,embeded,0
3.16679,2.30152,1,5,0.02,0,embeded,0
3.01137,1.86768,1,5,0.02,0,embeded,0
3.00429,1.68685,1,5,0.02,0,embeded,0
3.60003,2.73294,1,5,0.02,0,embeded,0
3.77924,3.09234,1,5,0.02,0,embeded,0
4.11026,3.4676,1,5,0.02,0,embeded,0
4.61426,3.78981,1,5,0.02,0,embeded,0
5.29039,4.08649,1,5,0.02,0,embeded,0
6.08258,4.32402,1,5,0.02,0,embeded,0
6.87647,4.50663,1,5,0.02,0,embeded,0
7.67151,4.65237,1,5,0.02,0,embeded,0
8.46846,4.73666,1,5,0.02,0,embeded,0
9.26586,4.80636,1,5,0.02,0,embeded,0
10.06392,4.85493,1,5,0.02,0,embeded,0
10.86281,4.87662,1,5,0.02,0,embeded,0
11.66194,4.89063,1,5,0.02,0,embeded,0
12.46128,4.89773,1,5,0.02,0,embeded,0
13.26078,4.89983,1,5,0.02,0,embeded,0
14.06028,4.90193,1,5,0.02,0,embeded,0
14.86017,4.89137,1,5,0.02,0,embeded,0
15.66071,4.86006,1,5,0.02,0,embeded,0
16.46078,4.84373,1,5,0.02,0,embeded,0
17.26049,4.8393,1,5,0.02,0,embeded,0
17.69911,4.81472,1,5,0.02,0,embeded,0
19.0126,4.81741,1,5,0.02,0,embeded,0
19.81257,4.80415,1,5,0.02,0,embeded,0
20.61243,4.79473,1,5,0.02,0,embeded,0
21.4121,4.79146,1,5,0.02,0,embeded,0
22.21241,4.76745,1,5,0.02,0,embeded,0
23.01208,4.76418,1,5,0.02,0,embeded,0
23.81178,4.75975,1,5,0.02,0,embeded,0
24.51676,4.74041,1,5,0.02,0,embeded,0
0.99246,7.00671,1,5,0.02,0.2,embeded,0
1.51762,6.64774,1,5,0.02,0.2,embeded,0
1.86971,6.34428,1,5,0.02,0.2,embeded,0
1.93961,5.93271,1,5,0.02,0.2,embeded,0
2.08253,5.44654,1,5,0.02,0.2,embeded,0
2.19934,4.92517,1,5,0.02,0.2,embeded,0
2.28669,4.56445,1,5,0.02,0.2,embeded,0
2.37962,4.14689,1,5,0.02,0.2,embeded,0
2.48565,3.67505,1,5,0.02,0.2,embeded,0
2.61368,3.23042,1,5,0.02,0.2,embeded,0
2.72707,2.76694,1,5,0.02,0.2,embeded,0
3.16679,2.30152,1,5,0.02,0.2,embeded,0
3.01137,1.86768,1,5,0.02,0.2,embeded,0
3.00429,1.68685,1,5,0.02,0.2,embeded,0
3.60003,2.73294,1,5,0.02,0.2,embeded,0
3.77924,3.09234,1,5,0.02,0.2,embeded,0
4.11026,3.4676,1,5,0.02,0.2,embeded,0
4.61426,3.78981,1,5,0.02,0.2,embeded,0
5.29039,4.08649,1,5,0.02,0.2,embeded,0
6.08258,4.32402,1,5,0.02,0.2,embeded,0
6.87647,4.50663,1,5,0.02,0.2,embeded,0
7.67151,4.65237,1,5,0.02,0.2,embeded,0
8.46846,4.73666,1,5,0.02,0.2,embeded,0
9.26586,4.80636,1,5,0.02,0.2,embeded,0
10.06392,4.85493,1,5,0.02,0.2,embeded,0
10.86281,4.87662,1,5,0.02,0.2,embeded,0
11.66194,4.89063,1,5,0.02,0.2,embeded,0
12.46128,4.89773,1,5,0.02,0.2,embeded,0
13.26078,4.89983,1,5,0.02,0.2,embeded,0
14.06028,4.90193,1,5,0.02,0.2,embeded,0
14.86017,4.89137,1,5,0.02,0.2,embeded,0
15.66071,4.86006,1,5,0.02,0.2,embeded,0
16.46078,4.84373,1,5,0.02,0.2,embeded,0
17.26049,4.8393,1,5,0.02,0.2,embeded,0
17.69911,4.81472,1,5,0.02,0.2,embeded,0
18.21364,4.79764,1,5,0.02,0.2,embeded,0
19.01373,4.78092,1,5,0.02,0.2,embeded,0
19.81402,4.75768,1,5,0.02,0.2,embeded,0
20.61375,4.7521,1,5,0.02,0.2,embeded,0
21.4135,4.74614,1,5,0.02,0.2,embeded,0
21.18672,4.69273,1,5,0.02,0.2,embeded,0
21.98755,4.65202,1,5,0.02,0.2,embeded,0
22.78771,4.63261,1,5,0.02,0.2,embeded,0
23.58867,4.58786,1,5,0.02,0.2,embeded,0
24.38997,4.53197,1,5,0.02,0.2,embeded,0
24.8097,4.50274,1,5,0.02,0.2,embeded,0
0.99246,7.00671,1,5,-0.02,0.2,embeded,0
1.51762,6.64774,1,5,-0.02,0.2,embeded,0
1.86971,6.34428,1,5,-0.02,0.2,embeded,0
1.93961,5.93271,1,5,-0.02,0.2,embeded,0
2.08253,5.44654,1,5,-0.02,0.2,embeded,0
2.19934,4.92517,1,5,-0.02,0.2,embeded,0
2.28669,4.56445,1,5,-0.02,0.2,embeded,0
2.37962,4.14689,1,5,-0.02,0.2,embeded,0
2.48565,3.67505,1,5,-0.02,0.2,embeded,0
2.61368,3.23042,1,5,-0.02,0.2,embeded,0
2.72707,2.76694,1,5,-0.02,0.2,embeded,0
3.16679,2.30152,1,5,-0.02,0.2,embeded,0
3.01137,1.86768,1,5,-0.02,0.2,embeded,0
3.00429,1.68685,1,5,-0.02,0.2,embeded,0
3.60003,2.73294,1,5,-0.02,0.2,embeded,0
3.77924,3.09234,1,5,-0.02,0.2,embeded,0
4.11026,3.4676,1,5,-0.02,0.2,embeded,0
4.61426,3.78981,1,5,-0.02,0.2,embeded,0
5.29039,4.08649,1,5,-0.02,0.2,embeded,0
6.08258,4.32402,1,5,-0.02,0.2,embeded,0
6.87647,4.50663,1,5,-0.02,0.2,embeded,0
7.67151,4.65237,1,5,-0.02,0.2,embeded,0
8.46846,4.73666,1,5,-0.02,0.2,embeded,0
9.26586,4.80636,1,5,-0.02,0.2,embeded,0
10.06392,4.85493,1,5,-0.02,0.2,embeded,0
10.86281,4.87662,1,5,-0.02,0.2,embeded,0
11.66194,4.89063,1,5,-0.02,0.2,embeded,0
12.46128,4.89773,1,5,-0.02,0.2,embeded,0
13.26078,4.89983,1,5,-0.02,0.2,embeded,0
14.06028,4.90193,1,5,-0.02,0.2,embeded,0
14.86017,4.89137,1,5,-0.02,0.2,embeded,0
15.66071,4.86006,1,5,-0.02,0.2,embeded,0
16.46078,4.84373,1,5,-0.02,0.2,embeded,0
17.26049,4.8393,1,5,-0.02,0.2,embeded,0
17.69911,4.81472,1,5,-0.02,0.2,embeded,0
18.21584,4.72697,1,5,-0.02,0.2,embeded,0
19.01623,4.70027,1,5,-0.02,0.2,embeded,0
19.81669,4.67165,1,5,-0.02,0.2,embeded,0
20.61726,4.63919,1,5,-0.02,0.2,embeded,0
21.41807,4.59905,1,5,-0.02,0.2,embeded,0
22.21896,4.5566,1,5,-0.02,0.2,embeded,0
23.02002,4.5084,1,5,-0.02,0.2,embeded,0
23.82094,4.4648,1,5,-0.02,0.2,embeded,0
24.52706,4.40873,1,5,-0.02,0.2,embeded,0
1.06626,2.57363,1,2,0,0,embeded,0
1.31344,2.81378,1,2,0,0,embeded,0
1.51118,3.05158,1,2,0,0,embeded,0
1.70892,3.27088,1,2,0,0,embeded,0
1.93962,3.51133,1,2,0,0,embeded,0
2.25272,3.7274,1,2,0,0,embeded,0
2.53285,3.94994,1,2,0,0,embeded,0
2.82946,4.18457,1,2,0,0,embeded,0
3.24142,4.41004,1,2,0,0,embeded,0
3.78522,4.63076,1,2,0,0,embeded,0
4.42788,4.82163,1,2,0,0,embeded,0
5.11997,4.94443,1,2,0,0,embeded,0
5.81207,5.02948,1,2,0,0,embeded,0
6.50417,5.08258,1,2,0,0,embeded,0
7.19626,5.12008,1,2,0,0,embeded,0
7.88836,5.13366,1,2,0,0,embeded,0
8.58046,5.13543,1,2,0,0,embeded,0
9.27255,5.13643,1,2,0,0,embeded,0
9.78339,5.12362,1,2,0,0,embeded,0
10.39309,5.11152,1,2,0,0,embeded,0
11.08519,5.08535,1,2,0,0,embeded,0
11.77728,5.06975,1,2,0,0,embeded,0
12.46938,5.05188,1,2,0,0,embeded,0
13.16148,5.03125,1,2,0,0,embeded,0
13.85358,5.00558,1,2,0,0,embeded,0
14.54567,4.9789,1,2,0,0,embeded,0
15.23777,4.9628,1,2,0,0,embeded,0
15.92987,4.94921,1,2,0,0,embeded,0
16.62196,4.92581,1,2,0,0,embeded,0
17.31406,4.90391,1,2,0,0,embeded,0
18.00616,4.90115,1,2,0,0,embeded,0
18.69825,4.89611,1,2,0,0,embeded,0
19.39035,4.88102,1,2,0,0,embeded,0
19.81879,4.88001,1,2,0,0,embeded,0
1.04978,2.36327,1,2,0,0.2,embeded,0
1.28048,2.61825,1,2,0,0.2,embeded,0
1.46175,2.84792,1,2,0,0.2,embeded,0
1.64301,3.09033,1,2,0,0.2,embeded,0
1.82427,3.30735,1,2,0,0.2,embeded,0
1.98906,3.51344,1,2,0,0.2,embeded,0
2.25272,3.7274,1,2,0,0.2,embeded,0
2.53285,3.94994,1,2,0,0.2,embeded,0
2.82946,4.18457,1,2,0,0.2,embeded,0
3.24142,4.41004,1,2,0,0.2,embeded,0
3.78522,4.63076,1,2,0,0.2,embeded,0
4.42788,4.82163,1,2,0,0.2,embeded,0
5.11997,4.94443,1,2,0,0.2,embeded,0
5.81207,5.02948,1,2,0,0.2,embeded,0
6.50417,5.08258,1,2,0,0.2,embeded,0
7.19626,5.12008,1,2,0,0.2,embeded,0
7.88836,5.13366,1,2,0,0.2,embeded,0
8.58046,5.13543,1,2,0,0.2,embeded,0
9.27255,5.13643,1,2,0,0.2,embeded,0
9.78339,5.12362,1,2,0,0.2,embeded,0
10.39309,5.07277,1,2,0,0.2,embeded,0
11.08519,5.03578,1,2,0,0.2,embeded,0
11.77728,4.99652,1,2,0,0.2,embeded,0
12.46938,4.96079,1,2,0,0.2,embeded,0
13.16148,4.9087,1,2,0,0.2,embeded,0
13.85358,4.84327,1,2,0,0.2,embeded,0
14.54567,4.77935,1,2,0,0.2,embeded,0
15.23777,4.70965,1,2,0,0.2,embeded,0
15.92987,4.62082,1,2,0,0.2,embeded,0
16.62196,4.51639,1,2,0,0.2,embeded,0
17.31406,4.3737,1,2,0,0.2,embeded,0
17.9732,4.19775,1,2,0,0.2,embeded,0
18.56642,3.95989,1,2,0,0.2,embeded,0
19.01134,3.75758,1,2,0,0.2,embeded,0
19.29148,3.53775,1,2,0,0.2,embeded,0
19.53866,3.30325,1,2,0,0.2,embeded,0
19.78583,3.11952,1,2,0,0.2,embeded,0
1.03743,1.65623,1,2,0,0.2,non embeded,0
1.15195,1.88688,1,2,0,0.2,non embeded,0
1.28048,2.13868,1,2,0,0.2,non embeded,0
1.42879,2.37164,1,2,0,0.2,non embeded,0
1.54414,2.64599,1,2,0,0.2,non embeded,0
1.70892,2.90802,1,2,0,0.2,non embeded,0
1.86272,3.16696,1,2,0,0.2,non embeded,0
1.98906,3.41832,1,2,0,0.2,non embeded,0
2.25272,3.7274,1,2,0,0.2,non embeded,0
2.53285,3.94994,1,2,0,0.2,non embeded,0
2.82946,4.18457,1,2,0,0.2,non embeded,0
3.24142,4.41004,1,2,0,0.2,non embeded,0
3.78522,4.63076,1,2,0,0.2,non embeded,0
4.42788,4.82163,1,2,0,0.2,non embeded,0
5.11997,4.94443,1,2,0,0.2,non embeded,0
5.81207,5.02948,1,2,0,0.2,non embeded,0
6.50417,5.08258,1,2,0,0.2,non embeded,0
7.19626,5.12008,1,2,0,0.2,non embeded,0
7.88836,5.13366,1,2,0,0.2,non embeded,0
8.58046,5.13543,1,2,0,0.2,non embeded,0
9.27255,5.13643,1,2,0,0.2,non embeded,0
9.78339,5.12362,1,2,0,0.2,non embeded,0
10.39309,5.07277,1,2,0,0.2,non embeded,0
11.08519,5.03578,1,2,0,0.2,non embeded,0
11.77728,4.99652,1,2,0,0.2,non embeded,0
12.46938,4.96079,1,2,0,0.2,non embeded,0
13.16148,4.9087,1,2,0,0.2,non embeded,0
13.85358,4.84327,1,2,0,0.2,non embeded,0
14.54567,4.77935,1,2,0,0.2,non embeded,0
15.23777,4.70965,1,2,0,0.2,non embeded,0
15.92987,4.62082,1,2,0,0.2,non embeded,0
16.62196,4.51639,1,2,0,0.2,non embeded,0
17.31406,4.3737,1,2,0,0.2,non embeded,0
17.9732,4.19775,1,2,0,0.2,non embeded,0
18.56642,3.95989,1,2,0,0.2,non embeded,0
19.01134,3.75758,1,2,0,0.2,non embeded,0
19.29148,3.53775,1,2,0,0.2,non embeded,0
19.53866,3.30325,1,2,0,0.2,non embeded,0
19.78583,3.11952,1,2,0,0.2,non embeded,0
1.06995,2.39486,1,3,0,0,embeded,0
1.30315,2.63618,1,3,0,0,embeded,0
1.50304,2.85637,1,3,0,0,embeded,0
1.70293,3.09065,1,3,0,0,embeded,0
1.93614,3.32823,1,3,0,0,embeded,0
2.10272,3.46232,1,3,0,0,embeded,0
2.15269,3.50254,1,3,0,0,embeded,0
2.45253,3.73154,1,3,0,0,embeded,0
2.78568,3.95306,1,3,0,0,embeded,0
3.20212,4.19158,1,3,0,0,embeded,0
3.75182,4.41478,1,3,0,0,embeded,0
4.41812,4.60843,1,3,0,0,embeded,0
5.11774,4.7725,1,3,0,0,embeded,0
5.81736,4.88699,1,3,0,0,embeded,0
6.51698,4.95796,1,3,0,0,embeded,0
7.2166,5.00929,1,3,0,0,embeded,0
7.91622,5.05484,1,3,0,0,embeded,0
8.61584,5.07673,1,3,0,0,embeded,0
9.31546,5.08655,1,3,0,0,embeded,0
10.01508,5.07799,1,3,0,0,embeded,0
10.7147,5.06793,1,3,0,0,embeded,0
11.41432,5.04301,1,3,0,0,embeded,0
12.11394,5.02389,1,3,0,0,embeded,0
12.71361,5.01367,1,3,0,0,embeded,0
13.21334,5.00476,1,3,0,0,embeded,0
13.91296,4.98262,1,3,0,0,embeded,0
14.61258,4.95469,1,3,0,0,embeded,0
15.3122,4.92172,1,3,0,0,embeded,0
16.01182,4.91669,1,3,0,0,embeded,0
16.71144,4.89152,1,3,0,0,embeded,0
17.41106,4.86359,1,3,0,0,embeded,0
18.11068,4.83792,1,3,0,0,embeded,0
18.8103,4.82333,1,3,0,0,embeded,0
19.50992,4.81175,1,3,0,0,embeded,0
19.94302,4.80194,1,3,0,0,embeded,0
1.06995,2.39486,1,3,0,0.2,embeded,0
1.30315,2.63618,1,3,0,0.2,embeded,0
1.50304,2.85637,1,3,0,0.2,embeded,0
1.70293,3.09065,1,3,0,0.2,embeded,0
1.93614,3.32823,1,3,0,0.2,embeded,0
2.10272,3.46232,1,3,0,0.2,embeded,0
2.15269,3.50254,1,3,0,0.2,embeded,0
2.45253,3.73154,1,3,0,0.2,embeded,0
2.78568,3.95306,1,3,0,0.2,embeded,0
3.20212,4.19158,1,3,0,0.2,embeded,0
3.75182,4.41478,1,3,0,0.2,embeded,0
4.41812,4.60843,1,3,0,0.2,embeded,0
5.11774,4.7725,1,3,0,0.2,embeded,0
5.81736,4.88699,1,3,0,0.2,embeded,0
6.51698,4.95796,1,3,0,0.2,embeded,0
7.2166,5.00929,1,3,0,0.2,embeded,0
7.91622,5.05484,1,3,0,0.2,embeded,0
8.61584,5.07673,1,3,0,0.2,embeded,0
9.31546,5.08655,1,3,0,0.2,embeded,0
10.01508,5.07799,1,3,0,0.2,embeded,0
10.7147,5.06793,1,3,0,0.2,embeded,0
11.41432,5.04301,1,3,0,0.2,embeded,0
12.11394,5.02389,1,3,0,0.2,embeded,0
12.71361,5.01367,1,3,0,0.2,embeded,0
13.21334,4.95796,1,3,0,0.2,embeded,0
13.91296,4.92927,1,3,0,0.2,embeded,0
14.61258,4.89756,1,3,0,0.2,embeded,0
15.3122,4.85302,1,3,0,0.2,embeded,0
16.01182,4.81855,1,3,0,0.2,embeded,0
16.71144,4.77904,1,3,0,0.2,embeded,0
17.41106,4.72292,1,3,0,0.2,embeded,0
18.11068,4.66027,1,3,0,0.2,embeded,0
18.8103,4.59031,1,3,0,0.2,embeded,0
19.50992,4.52463,1,3,0,0.2,embeded,0
19.94302,4.47642,1,3,0,0.2,embeded,0
1.03663,1.83823,1,3,0,0.2,non embeded,0
1.21986,2.09311,1,3,0,0.2,non embeded,0
1.38644,2.33726,1,3,0,0.2,non embeded,0
1.53636,2.54943,1,3,0,0.2,non embeded,0
1.68628,2.79384,1,3,0,0.2,non embeded,0
1.85285,3.03481,1,3,0,0.2,non embeded,0
2.00277,3.27208,1,3,0,0.2,non embeded,0
2.15269,3.50254,1,3,0,0.2,non embeded,0
2.45253,3.73154,1,3,0,0.2,non embeded,0
2.78568,3.95306,1,3,0,0.2,non embeded,0
3.20212,4.19158,1,3,0,0.2,non embeded,0
3.75182,4.41478,1,3,0,0.2,non embeded,0
4.41812,4.60843,1,3,0,0.2,non embeded,0
5.11774,4.7725,1,3,0,0.2,non embeded,0
5.81736,4.88699,1,3,0,0.2,non embeded,0
6.51698,4.95796,1,3,0,0.2,non embeded,0
7.2166,5.00929,1,3,0,0.2,non embeded,0
7.91622,5.05484,1,3,0,0.2,non embeded,0
8.61584,5.07673,1,3,0,0.2,non embeded,0
9.31546,5.08655,1,3,0,0.2,non embeded,0
10.01508,5.07799,1,3,0,0.2,non embeded,0
10.7147,5.06793,1,3,0,0.2,non embeded,0
11.41432,5.04301,1,3,0,0.2,non embeded,0
12.11394,5.02389,1,3,0,0.2,non embeded,0
12.71361,5.01367,1,3,0,0.2,non embeded,0
13.21334,4.95796,1,3,0,0.2,non embeded,0
13.91296,4.92927,1,3,0,0.2,non embeded,0
14.61258,4.89756,1,3,0,0.2,non embeded,0
15.3122,4.85302,1,3,0,0.2,non embeded,0
16.01182,4.81855,1,3,0,0.2,non embeded,0
16.71144,4.77904,1,3,0,0.2,non embeded,0
17.41106,4.72292,1,3,0,0.2,non embeded,0
18.11068,4.66027,1,3,0,0.2,non embeded,0
18.8103,4.59031,1,3,0,0.2,non embeded,0
19.50992,4.52463,1,3,0,0.2,non embeded,0
19.94302,4.47642,1,3,0,0.2,non embeded,0
1.05575,2.28657,1,4,0,0,embeded,0
1.28978,2.55459,1,4,0,0,embeded,0
1.49317,2.77644,1,4,0,0,embeded,0
1.69554,3.01697,1,4,0,0,embeded,0
1.9311,3.25667,1,4,0,0,embeded,0
2.07423,3.36716,1,4,0,0,embeded,0
2.0901,3.38009,1,4,0,0,embeded,0
2.40843,3.62101,1,4,0,0,embeded,0
2.72702,3.85709,1,4,0,0,embeded,0
3.12855,4.09134,1,4,0,0,embeded,0
3.6296,4.32333,1,4,0,0,embeded,0
4.23274,4.50579,1,4,0,0,embeded,0
4.91974,4.66933,1,4,0,0,embeded,0
5.60892,4.79242,1,4,0,0,embeded,0
6.29865,4.90553,1,4,0,0,embeded,0
6.99006,4.9874,1,4,0,0,embeded,0
7.68295,5.04188,1,4,0,0,embeded,0
8.37614,5.09098,1,4,0,0,embeded,0
9.06989,5.12958,1,4,0,0,embeded,0
9.76473,5.14795,1,4,0,0,embeded,0
10.46079,5.1438,1,4,0,0,embeded,0
11.15708,5.13554,1,4,0,0,embeded,0
11.85387,5.11782,1,4,0,0,embeded,0
12.55031,5.10675,1,4,0,0,embeded,0
13.24738,5.0839,1,4,0,0,embeded,0
13.9444,5.06208,1,4,0,0,embeded,0
14.55878,5.0365,1,4,0,0,embeded,0
15.23872,5.02415,1,4,0,0,embeded,0
15.93564,5.00412,1,4,0,0,embeded,0
16.63287,4.97846,1,4,0,0,embeded,0
17.32988,4.95664,1,4,0,0,embeded,0
18.02689,4.93507,1,4,0,0,embeded,0
18.72406,4.91043,1,4,0,0,embeded,0
19.42078,4.89399,1,4,0,0,embeded,0
19.81845,4.89315,1,4,0,0,embeded,0
1.05575,2.28657,1,4,0,0.2,embeded,0
1.28978,2.55459,1,4,0,0.2,embeded,0
1.49317,2.77644,1,4,0,0.2,embeded,0
1.69554,3.01697,1,4,0,0.2,embeded,0
1.9311,3.25667,1,4,0,0.2,embeded,0
2.07423,3.36716,1,4,0,0.2,embeded,0
2.0901,3.38009,1,4,0,0.2,embeded,0
2.40843,3.62101,1,4,0,0.2,embeded,0
2.72702,3.85709,1,4,0,0.2,embeded,0
3.12855,4.09134,1,4,0,0.2,embeded,0
3.6296,4.32333,1,4,0,0.2,embeded,0
4.23274,4.50579,1,4,0,0.2,embeded,0
4.91974,4.66933,1,4,0,0.2,embeded,0
5.60892,4.79242,1,4,0,0.2,embeded,0
6.29865,4.90553,1,4,0,0.2,embeded,0
6.99006,4.9874,1,4,0,0.2,embeded,0
7.68295,5.04188,1,4,0,0.2,embeded,0
8.37614,5.09098,1,4,0,0.2,embeded,0
9.06989,5.12958,1,4,0,0.2,embeded,0
9.76473,5.14795,1,4,0,0.2,embeded,0
10.46079,5.1438,1,4,0,0.2,embeded,0
11.15708,5.13554,1,4,0,0.2,embeded,0
11.85387,5.11782,1,4,0,0.2,embeded,0
12.55031,5.10675,1,4,0,0.2,embeded,0
13.24738,5.0839,1,4,0,0.2,embeded,0
13.9444,5.06208,1,4,0,0.2,embeded,0
14.55878,5.0365,1,4,0,0.2,embeded,0
15.24074,4.98677,1,4,0,0.2,embeded,0
15.93795,4.96136,1,4,0,0.2,embeded,0
16.63547,4.93032,1,4,0,0.2,embeded,0
17.33329,4.89365,1,4,0,0.2,embeded,0
18.03114,4.85647,1,4,0,0.2,embeded,0
18.72934,4.81263,1,4,0,0.2,embeded,0
19.42761,4.76776,1,4,0,0.2,embeded,0
19.82601,4.75335,1,4,0,0.2,embeded,0
1.07035,1.70999,1,4,0,0.2,non embeded,0
1.25384,1.99346,1,4,0,0.2,non embeded,0
1.40567,2.24968,1,4,0,0.2,non embeded,0
1.55772,2.5016,1,4,0,0.2,non embeded,0
1.7099,2.75137,1,4,0,0.2,non embeded,0
1.84623,2.98766,1,4,0,0.2,non embeded,0
1.95294,3.15903,1,4,0,0.2,non embeded,0
2.0901,3.38009,1,4,0,0.2,non embeded,0
2.40843,3.62101,1,4,0,0.2,non embeded,0
2.72702,3.85709,1,4,0,0.2,non embeded,0
3.12855,4.09134,1,4,0,0.2,non embeded,0
3.6296,4.32333,1,4,0,0.2,non embeded,0
4.23274,4.50579,1,4,0,0.2,non embeded,0
4.91974,4.66933,1,4,0,0.2,non embeded,0
5.60892,4.79242,1,4,0,0.2,non embeded,0
6.29865,4.90553,1,4,0,0.2,non embeded,0
6.99006,4.9874,1,4,0,0.2,non embeded,0
7.68295,5.04188,1,4,0,0.2,non embeded,0
8.37614,5.09098,1,4,0,0.2,non embeded,0
9.06989,5.12958,1,4,0,0.2,non embeded,0
9.76473,5.14795,1,4,0,0.2,non embeded,0
10.46079,5.1438,1,4,0,0.2,non embeded,0
11.15708,5.13554,1,4,0,0.2,non embeded,0
11.85387,5.11782,1,4,0,0.2,non embeded,0
12.55031,5.10675,1,4,0,0.2,non embeded,0
13.24738,5.0839,1,4,0,0.2,non embeded,0
13.9444,5.06208,1,4,0,0.2,non embeded,0
14.55878,5.0365,1,4,0,0.2,non embeded,0
15.24074,4.98677,1,4,0,0.2,non embeded,0
15.93795,4.96136,1,4,0,0.2,non embeded,0
16.63547,4.93032,1,4,0,0.2,non embeded,0
17.33329,4.89365,1,4,0,0.2,non embeded,0
18.03114,4.85647,1,4,0,0.2,non embeded,0
18.72934,4.81263,1,4,0,0.2,non embeded,0
19.42761,4.76776,1,4,0,0.2,non embeded,0
19.82601,4.75335,1,4,0,0.2,non embeded,0
0.84614,7.20542,1,5,0,0,embeded,0
1.38848,6.82241,1,5,0,0,embeded,0
1.72986,6.40786,1,5,0,0,embeded,0
1.81417,5.93696,1,5,0,0,embeded,0
1.90977,5.53758,1,5,0,0,embeded,0
2.06326,5.01282,1,5,0,0,embeded,0
2.15421,4.53171,1,5,0,0,embeded,0
2.30239,4.08867,1,5,0,0,embeded,0
2.44165,3.5379,1,5,0,0,embeded,0
2.59108,3.01438,1,5,0,0,embeded,0
3.05658,2.44936,1,5,0,0,embeded,0
3.00328,1.97125,1,5,0,0,embeded,0
2.89374,1.72491,1,5,0,0,embeded,0
3.55776,2.83945,1,5,0,0,embeded,0
3.78944,3.25608,1,5,0,0,embeded,0
4.22073,3.66375,1,5,0,0,embeded,0
4.93052,4.07342,1,5,0,0,embeded,0
5.74696,4.37328,1,5,0,0,embeded,0
6.56934,4.5816,1,5,0,0,embeded,0
7.39546,4.73241,1,5,0,0,embeded,0
8.22531,4.82573,1,5,0,0,embeded,0
9.05596,4.90667,1,5,0,0,embeded,0
9.889,4.9509,1,5,0,0,embeded,0
10.72227,4.99159,1,5,0,0,embeded,0
11.557,5.00972,1,5,0,0,embeded,0
12.3921,5.02211,1,5,0,0,embeded,0
13.22925,5.00309,1,5,0,0,embeded,0
14.06633,4.98495,1,5,0,0,embeded,0
14.9031,4.97169,1,5,0,0,embeded,0
15.74048,4.94913,1,5,0,0,embeded,0
16.57768,4.92923,1,5,0,0,embeded,0
17.41523,4.90402,1,5,0,0,embeded,0
17.89366,4.89208,1,5,0,0,embeded,0
18.41113,4.88253,1,5,0,0,embeded,0
19.24828,4.87306,1,5,0,0,embeded,0
20.08637,4.83944,1,5,0,0,embeded,0
20.92365,4.81822,1,5,0,0,embeded,0
21.76103,4.79566,1,5,0,0,embeded,0
22.59817,4.77664,1,5,0,0,embeded,0
23.43512,4.76072,1,5,0,0,embeded,0
24.15273,4.74347,1,5,0,0,embeded,0
0.84614,7.20542,1,5,0,0.2,embeded,0
1.38848,6.82241,1,5,0,0.2,embeded,0
1.72986,6.40786,1,5,0,0.2,embeded,0
1.81417,5.93696,1,5,0,0.2,embeded,0
1.90977,5.53758,1,5,0,0.2,embeded,0
2.06326,5.01282,1,5,0,0.2,embeded,0
2.15421,4.53171,1,5,0,0.2,embeded,0
2.30239,4.08867,1,5,0,0.2,embeded,0
2.44165,3.5379,1,5,0,0.2,embeded,0
2.59108,3.01438,1,5,0,0.2,embeded,0
3.05658,2.44936,1,5,0,0.2,embeded,0
3.00328,1.97125,1,5,0,0.2,embeded,0
2.89374,1.72491,1,5,0,0.2,embeded,0
3.55776,2.83945,1,5,0,0.2,embeded,0
3.78944,3.25608,1,5,0,0.2,embeded,0
4.22073,3.66375,1,5,0,0.2,embeded,0
4.93052,4.07342,1,5,0,0.2,embeded,0
5.74696,4.37328,1,5,0,0.2,embeded,0
6.56934,4.5816,1,5,0,0.2,embeded,0
7.39546,4.73241,1,5,0,0.2,embeded,0
8.22531,4.82573,1,5,0,0.2,embeded,0
9.05596,4.90667,1,5,0,0.2,embeded,0
9.889,4.9509,1,5,0,0.2,embeded,0
10.72227,4.99159,1,5,0,0.2,embeded,0
11.557,5.00972,1,5,0,0.2,embeded,0
12.3921,5.02211,1,5,0,0.2,embeded,0
13.22925,5.00309,1,5,0,0.2,embeded,0
14.06633,4.98495,1,5,0,0.2,embeded,0
14.9031,4.97169,1,5,0,0.2,embeded,0
15.74048,4.94913,1,5,0,0.2,embeded,0
16.57768,4.92923,1,5,0,0.2,embeded,0
17.41523,4.90402,1,5,0,0.2,embeded,0
17.89366,4.89208,1,5,0,0.2,embeded,0
18.49493,4.8275,1,5,0,0.2,embeded,0
19.33268,4.7992,1,5,0,0.2,embeded,0
20.17118,4.75939,1,5,0,0.2,embeded,0
21.00978,4.71782,1,5,0,0.2,embeded,0
21.84842,4.6758,1,5,0,0.2,embeded,0
22.68732,4.6298,1,5,0,0.2,embeded,0
23.52664,4.57717,1,5,0,0.2,embeded,0
24.20617,4.53342,1,5,0,0.2,embeded,0
0.84614,7.20542,1,5,0,0.2,non embeded,0
1.38848,6.82241,1,5,0,0.2,non embeded,0
1.72986,6.40786,1,5,0,0.2,non embeded,0
1.81417,5.93696,1,5,0,0.2,non embeded,0
1.90977,5.53758,1,5,0,0.2,non embeded,0
2.06326,5.01282,1,5,0,0.2,non embeded,0
2.15421,4.53171,1,5,0,0.2,non embeded,0
2.30239,4.08867,1,5,0,0.2,non embeded,0
2.44165,3.5379,1,5,0,0.2,non embeded,0
2.59108,3.01438,1,5,0,0.2,non embeded,0
3.05658,2.44936,1,5,0,0.2,non embeded,0
3.00328,1.97125,1,5,0,0.2,non embeded,0
2.89374,1.72491,1,5,0,0.2,non embeded,0
3.55776,2.83945,1,5,0,0.2,non embeded,0
3.78944,3.25608,1,5,0,0.2,non embeded,0
4.22073,3.66375,1,5,0,0.2,non embeded,0
4.93052,4.07342,1,5,0,0.2,non embeded,0
5.74696,4.37328,1,5,0,0.2,non embeded,0
6.56934,4.5816,1,5,0,0.2,non embeded,0
7.39546,4.73241,1,5,0,0.2,non embeded,0
8.22531,4.82573,1,5,0,0.2,non embeded,0
9.05596,4.90667,1,5,0,0.2,non embeded,0
9.889,4.9509,1,5,0,0.2,non embeded,0
10.72227,4.99159,1,5,0,0.2,non embeded,0
11.557,5.00972,1,5,0,0.2,non embeded,0
12.3921,5.02211,1,5,0,0.2,non embeded,0
13.22925,5.00309,1,5,0,0.2,non embeded,0
14.06633,4.98495,1,5,0,0.2,non embeded,0
14.9031,4.97169,1,5,0,0.2,non embeded,0
15.74048,4.94913,1,5,0,0.2,non embeded,0
16.57768,4.92923,1,5,0,0.2,non embeded,0
17.41523,4.90402,1,5,0,0.2,non embeded,0
17.89366,4.89208,1,5,0,0.2,non embeded,0
18.49493,4.8275,1,5,0,0.2,non embeded,0
19.33268,4.7992,1,5,0,0.2,non embeded,0
20.17118,4.75939,1,5,0,0.2,non embeded,0
21.00978,4.71782,1,5,0,0.2,non embeded,0
21.84842,4.6758,1,5,0,0.2,non embeded,0
22.68732,4.6298,1,5,0,0.2,non embeded,0
23.52664,4.57717,1,5,0,0.2,non embeded,0
24.20617,4.53342,1,5,0,0.2,non embeded,0
1.1464,2.46713,1,2,-0.02,0.2,embeded,0
1.50691,2.92652,1,2,-0.02,0.2,embeded,0
1.83308,3.36717,1,2,-0.02,0.2,embeded,0
2.22792,3.76421,1,2,-0.02,0.2,embeded,0
2.73765,4.18138,1,2,-0.02,0.2,embeded,0
3.32661,4.48543,1,2,-0.02,0.2,embeded,0
4.04763,4.76649,1,2,-0.02,0.2,embeded,0
4.76865,4.94215,1,2,-0.02,0.2,embeded,0
5.48966,5.05759,1,2,-0.02,0.2,embeded,0
6.21068,5.13105,1,2,-0.02,0.2,embeded,0
6.93169,5.16253,1,2,-0.02,0.2,embeded,0
7.65271,5.18763,1,2,-0.02,0.2,embeded,0
8.37373,5.18763,1,2,-0.02,0.2,embeded,0
9.09474,5.18124,1,2,-0.02,0.2,embeded,0
9.89379,5.15303,1,2,-0.02,0.2,embeded,0
10.53677,5.12831,1,2,-0.02,0.2,embeded,0
11.25779,5.08862,1,2,-0.02,0.2,embeded,0
11.9788,5.04025,1,2,-0.02,0.2,embeded,0
12.69982,4.99691,1,2,-0.02,0.2,embeded,0
13.40523,4.95066,1,2,-0.02,0.2,embeded,0
14.14185,4.87554,1,2,-0.02,0.2,embeded,0
14.86287,4.79661,1,2,-0.02,0.2,embeded,0
15.58388,4.709,1,2,-0.02,0.2,embeded,0
16.3049,4.6036,1,2,-0.02,0.2,embeded,0
17.02592,4.47631,1,2,-0.02,0.2,embeded,0
17.74693,4.30886,1,2,-0.02,0.2,embeded,0
18.46795,4.07434,1,2,-0.02,0.2,embeded,0
19.13746,3.7697,1,2,-0.02,0.2,embeded,0
19.68681,3.31283,1,2,-0.02,0.2,embeded,0
20.01298,3.04618,1,2,-0.02,0.2,embeded,0
1.62708,2.96059,1,3,-0.02,0.2,embeded,0
2.05625,3.39127,1,3,-0.02,0.2,embeded,0
2.51976,3.78027,1,3,-0.02,0.2,embeded,0
3.12061,4.1916,1,3,-0.02,0.2,embeded,0
3.84163,4.48224,1,3,-0.02,0.2,embeded,0
4.56264,4.69623,1,3,-0.02,0.2,embeded,0
5.28366,4.85364,1,3,-0.02,0.2,embeded,0
6.00467,4.95949,1,3,-0.02,0.2,embeded,0
6.72569,5.06078,1,3,-0.02,0.2,embeded,0
7.44671,5.12284,1,3,-0.02,0.2,embeded,0
8.16772,5.13652,1,3,-0.02,0.2,embeded,0
8.88874,5.13516,1,3,-0.02,0.2,embeded,0
9.57542,5.14133,1,3,-0.02,0.2,embeded,0
10.08185,5.1412,1,3,-0.02,0.2,embeded,0
11.42946,5.11189,1,3,-0.02,0.2,embeded,0
12.15048,5.09729,1,3,-0.02,0.2,embeded,0
12.87149,5.05455,1,3,-0.02,0.2,embeded,0
13.59251,5.00848,1,3,-0.02,0.2,embeded,0
14.31352,4.98587,1,3,-0.02,0.2,embeded,0
15.03454,4.97592,1,3,-0.02,0.2,embeded,0
15.75555,4.93554,1,3,-0.02,0.2,embeded,0
16.47657,4.90018,1,3,-0.02,0.2,embeded,0
17.04308,4.86573,1,3,-0.02,0.2,embeded,0
17.67826,4.75372,1,3,-0.02,0.2,embeded,0
18.39928,4.68117,1,3,-0.02,0.2,embeded,0
19.1203,4.60543,1,3,-0.02,0.2,embeded,0
19.78981,4.5325,1,3,-0.02,0.2,embeded,0
1.21507,2.42276,1,4,-0.02,0.2,embeded,0
1.62708,2.86956,1,4,-0.02,0.2,embeded,0
2.07342,3.31652,1,4,-0.02,0.2,embeded,0
2.57584,3.70444,1,4,-0.02,0.2,embeded,0
2.98573,4.02611,1,4,-0.02,0.2,embeded,0
3.60129,4.25,1,4,-0.02,0.2,embeded,0
4.31294,4.50294,1,4,-0.02,0.2,embeded,0
5.04332,4.66839,1,4,-0.02,0.2,embeded,0
5.76433,4.80604,1,4,-0.02,0.2,embeded,0
6.48535,4.90611,1,4,-0.02,0.2,embeded,0
7.20637,4.99828,1,4,-0.02,0.2,embeded,0
7.92738,5.05348,1,4,-0.02,0.2,embeded,0
8.6484,5.08725,1,4,-0.02,0.2,embeded,0
9.26641,5.09601,1,4,-0.02,0.2,embeded,0
10.08185,5.1412,1,4,-0.02,0.2,embeded,0
11.42946,5.11189,1,4,-0.02,0.2,embeded,0
12.15048,5.09729,1,4,-0.02,0.2,embeded,0
12.87149,5.05455,1,4,-0.02,0.2,embeded,0
13.59251,5.00848,1,4,-0.02,0.2,embeded,0
14.31352,4.98587,1,4,-0.02,0.2,embeded,0
15.03454,4.97592,1,4,-0.02,0.2,embeded,0
15.75555,4.93554,1,4,-0.02,0.2,embeded,0
16.47657,4.90018,1,4,-0.02,0.2,embeded,0
17.04308,4.86573,1,4,-0.02,0.2,embeded,0
18.0216,4.81212,1,4,-0.02,0.2,embeded,0
18.74262,4.7779,1,4,-0.02,0.2,embeded,0
19.46364,4.73866,1,4,-0.02,0.2,embeded,0
19.96148,4.71123,1,4,-0.02,0.2,embeded,0
1.28374,7.0876,1,5,-0.02,0.2,embeded,0
1.81591,6.7323,1,5,-0.02,0.2,embeded,0
2.09059,6.30788,1,5,-0.02,0.2,embeded,0
2.15926,5.78844,1,5,-0.02,0.2,embeded,0
2.24509,5.28783,1,5,-0.02,0.2,embeded,0
2.35839,4.7747,1,5,-0.02,0.2,embeded,0
2.4511,4.30361,1,5,-0.02,0.2,embeded,0
2.5541,3.86451,1,5,-0.02,0.2,embeded,0
2.66568,3.29435,1,5,-0.02,0.2,embeded,0
2.7601,2.77502,1,5,-0.02,0.2,embeded,0
3.18437,2.28075,1,5,-0.02,0.2,embeded,0
3.04164,1.84777,1,5,-0.02,0.2,embeded,0
3.63562,2.76257,1,5,-0.02,0.2,embeded,0
3.89313,3.20093,1,5,-0.02,0.2,embeded,0
4.35664,3.62441,1,5,-0.02,0.2,embeded,0
5.04332,4.01639,1,5,-0.02,0.2,embeded,0
5.76433,4.26642,1,5,-0.02,0.2,embeded,0
6.48535,4.45076,1,5,-0.02,0.2,embeded,0
7.20637,4.5995,1,5,-0.02,0.2,embeded,0
7.92738,4.7195,1,5,-0.02,0.2,embeded,0
8.6484,4.80938,1,5,-0.02,0.2,embeded,0
9.36941,4.85866,1,5,-0.02,0.2,embeded,0
10.09043,4.89516,1,5,-0.02,0.2,embeded,0
10.81145,4.91889,1,5,-0.02,0.2,embeded,0
11.53246,4.93759,1,5,-0.02,0.2,embeded,0
12.25348,4.94489,1,5,-0.02,0.2,embeded,0
12.97449,4.9417,1,5,-0.02,0.2,embeded,0
13.69551,4.94352,1,5,-0.02,0.2,embeded,0
14.41653,4.92755,1,5,-0.02,0.2,embeded,0
15.13754,4.91706,1,5,-0.02,0.2,embeded,0
15.85856,4.87554,1,5,-0.02,0.2,embeded,0
16.57957,4.86322,1,5,-0.02,0.2,embeded,0
17.30059,4.82809,1,5,-0.02,0.2,embeded,0
18.0216,4.81212,1,5,-0.02,0.2,embeded,0
18.74262,4.7779,1,5,-0.02,0.2,embeded,0
19.46364,4.73866,1,5,-0.02,0.2,embeded,0
19.96148,4.71123,1,5,-0.02,0.2,embeded,0
1.12236,1.8753,1,2,-0.02,0.2,non embeded,0
1.37669,2.31863,1,2,-0.02,0.2,non embeded,0
1.59711,2.71967,1,2,-0.02,0.2,non embeded,0
1.80057,3.13214,1,2,-0.02,0.2,non embeded,0
2.0888,3.58898,1,2,-0.02,0.2,non embeded,0
2.50806,3.94372,1,2,-0.02,0.2,non embeded,0
3.10611,4.37308,1,2,-0.02,0.2,non embeded,0
3.81822,4.69036,1,2,-0.02,0.2,non embeded,0
4.53034,4.893,1,2,-0.02,0.2,non embeded,0
5.24245,5.02951,1,2,-0.02,0.2,non embeded,0
5.95457,5.11665,1,2,-0.02,0.2,non embeded,0
6.66668,5.16057,1,2,-0.02,0.2,non embeded,0
7.3788,5.18466,1,2,-0.02,0.2,non embeded,0
8.09091,5.19199,1,2,-0.02,0.2,non embeded,0
8.82422,5.1962,1,2,-0.02,0.2,non embeded,0
9.51514,5.17535,1,2,-0.02,0.2,non embeded,0
9.88815,5.17486,1,2,-0.02,0.2,non embeded,0
11.21065,5.08878,1,2,-0.02,0.2,non embeded,0
11.92276,5.04012,1,2,-0.02,0.2,non embeded,0
12.63488,5.00336,1,2,-0.02,0.2,non embeded,0
13.30969,4.95479,1,2,-0.02,0.2,non embeded,0
14.05911,4.88179,1,2,-0.02,0.2,non embeded,0
14.77122,4.80976,1,2,-0.02,0.2,non embeded,0
15.48334,4.72803,1,2,-0.02,0.2,non embeded,0
16.19545,4.62118,1,2,-0.02,0.2,non embeded,0
16.90757,4.47905,1,2,-0.02,0.2,non embeded,0
17.61968,4.30958,1,2,-0.02,0.2,non embeded,0
18.33179,4.07707,1,2,-0.02,0.2,non embeded,0
18.95913,3.77694,1,2,-0.02,0.2,non embeded,0
19.43388,3.36079,1,2,-0.02,0.2,non embeded,0
19.77298,3.06065,1,2,-0.02,0.2,non embeded,0
1.13932,1.87859,1,3,-0.02,0.2,non embeded,0
1.4106,2.3243,1,3,-0.02,0.2,non embeded,0
1.63102,2.73091,1,3,-0.02,0.2,non embeded,0
1.87178,3.09828,1,3,-0.02,0.2,non embeded,0
1.97012,3.36401,1,3,-0.02,0.2,non embeded,0
2.29226,3.59166,1,3,-0.02,0.2,non embeded,0
2.85178,4.03818,1,3,-0.02,0.2,non embeded,0
3.47912,4.36025,1,3,-0.02,0.2,non embeded,0
4.19124,4.61713,1,3,-0.02,0.2,non embeded,0
4.90335,4.79817,1,3,-0.02,0.2,non embeded,0
5.61547,4.91484,1,3,-0.02,0.2,non embeded,0
6.32758,5.00682,1,3,-0.02,0.2,non embeded,0
7.03969,5.07103,1,3,-0.02,0.2,non embeded,0
7.75181,5.1079,1,3,-0.02,0.2,non embeded,0
8.46392,5.15359,1,3,-0.02,0.2,non embeded,0
9.17604,5.15078,1,3,-0.02,0.2,non embeded,0
9.88815,5.13915,1,3,-0.02,0.2,non embeded,0
10.60027,5.13767,1,3,-0.02,0.2,non embeded,0
11.31238,5.12075,1,3,-0.02,0.2,non embeded,0
12.0245,5.11526,1,3,-0.02,0.2,non embeded,0
12.73661,5.08561,1,3,-0.02,0.2,non embeded,0
13.44872,5.05896,1,3,-0.02,0.2,non embeded,0
14.16084,5.01258,1,3,-0.02,0.2,non embeded,0
14.80513,4.96257,1,3,-0.02,0.2,non embeded,0
15.58507,4.90814,1,3,-0.02,0.2,non embeded,0
16.29718,4.87668,1,3,-0.02,0.2,non embeded,0
17.0093,4.80685,1,3,-0.02,0.2,non embeded,0
17.72141,4.74232,1,3,-0.02,0.2,non embeded,0
18.43353,4.69013,1,3,-0.02,0.2,non embeded,0
19.14564,4.61546,1,3,-0.02,0.2,non embeded,0
19.70516,4.56425,1,3,-0.02,0.2,non embeded,0
1.20714,1.89118,1,4,-0.02,0.2,non embeded,0
1.47842,2.33076,1,4,-0.02,0.2,non embeded,0
1.71579,2.7519,1,4,-0.02,0.2,non embeded,0
2.02098,3.21203,1,4,-0.02,0.2,non embeded,0
2.41249,3.52265,1,4,-0.02,0.2,non embeded,0
2.88869,3.91848,1,4,-0.02,0.2,non embeded,0
3.54694,4.2202,1,4,-0.02,0.2,non embeded,0
4.25906,4.48545,1,4,-0.02,0.2,non embeded,0
4.97117,4.65503,1,4,-0.02,0.2,non embeded,0
5.68329,4.79331,1,4,-0.02,0.2,non embeded,0
6.3954,4.90689,1,4,-0.02,0.2,non embeded,0
7.10751,4.98873,1,4,-0.02,0.2,non embeded,0
7.81963,5.05338,1,4,-0.02,0.2,non embeded,0
8.53174,5.09907,1,4,-0.02,0.2,non embeded,0
8.95562,5.1149,1,4,-0.02,0.2,non embeded,0
9.17604,5.15078,1,4,-0.02,0.2,non embeded,0
9.88815,5.13915,1,4,-0.02,0.2,non embeded,0
10.60027,5.13767,1,4,-0.02,0.2,non embeded,0
11.31238,5.12075,1,4,-0.02,0.2,non embeded,0
12.0245,5.12075,1,4,-0.02,0.2,non embeded,0
12.73661,5.10526,1,4,-0.02,0.2,non embeded,0
13.44872,5.05561,1,4,-0.02,0.2,non embeded,0
14.16084,5.02896,1,4,-0.02,0.2,non embeded,0
14.80513,4.97258,1,4,-0.02,0.2,non embeded,0
16.19545,4.93288,1,4,-0.02,0.2,non embeded,0
16.90757,4.89348,1,4,-0.02,0.2,non embeded,0
17.61968,4.85716,1,4,-0.02,0.2,non embeded,0
18.33179,4.81953,1,4,-0.02,0.2,non embeded,0
19.04391,4.78233,1,4,-0.02,0.2,non embeded,0
19.65429,4.75425,1,4,-0.02,0.2,non embeded,0
1.27496,7.10037,1,5,-0.02,0.2,non embeded,0
1.80057,6.72312,1,5,-0.02,0.2,non embeded,0
2.07185,6.36586,1,5,-0.02,0.2,non embeded,0
2.12271,5.90505,1,5,-0.02,0.2,non embeded,0
2.20749,5.49693,1,5,-0.02,0.2,non embeded,0
2.32618,5.01809,1,5,-0.02,0.2,non embeded,0
2.37704,4.61105,1,5,-0.02,0.2,non embeded,0
2.44486,4.20787,1,5,-0.02,0.2,non embeded,0
2.55507,3.74205,1,5,-0.02,0.2,non embeded,0
2.61441,3.37629,1,5,-0.02,0.2,non embeded,0
2.71953,2.87694,1,5,-0.02,0.2,non embeded,0
3.04846,2.31899,1,5,-0.02,0.2,non embeded,0
3.09828,1.8744,1,5,-0.02,0.2,non embeded,0
2.97047,1.6216,1,5,-0.02,0.2,non embeded,0
3.58085,2.65425,1,5,-0.02,0.2,non embeded,0
3.81822,3.082,1,5,-0.02,0.2,non embeded,0
4.20819,3.52217,1,5,-0.02,0.2,non embeded,0
4.81858,3.91309,1,5,-0.02,0.2,non embeded,0
5.51374,4.19552,1,5,-0.02,0.2,non embeded,0
6.22585,4.4061,1,5,-0.02,0.2,non embeded,0
6.93796,4.55761,1,5,-0.02,0.2,non embeded,0
7.65008,4.68133,1,5,-0.02,0.2,non embeded,0
8.36219,4.77552,1,5,-0.02,0.2,non embeded,0
9.07431,4.83973,1,5,-0.02,0.2,non embeded,0
9.78642,4.88894,1,5,-0.02,0.2,non embeded,0
10.49854,4.92052,1,5,-0.02,0.2,non embeded,0
11.21065,4.95343,1,5,-0.02,0.2,non embeded,0
11.92276,4.95943,1,5,-0.02,0.2,non embeded,0
12.63488,4.95707,1,5,-0.02,0.2,non embeded,0
13.34699,4.94368,1,5,-0.02,0.2,non embeded,0
14.05911,4.96688,1,5,-0.02,0.2,non embeded,0
14.77122,4.94511,1,5,-0.02,0.2,non embeded,0
15.48334,4.96215,1,5,-0.02,0.2,non embeded,0
16.19545,4.93288,1,5,-0.02,0.2,non embeded,0
16.90757,4.89348,1,5,-0.02,0.2,non embeded,0
17.61968,4.85716,1,5,-0.02,0.2,non embeded,0
18.33179,4.81953,1,5,-0.02,0.2,non embeded,0
19.04391,4.78233,1,5,-0.02,0.2,non embeded,0
19.65429,4.75425,1,5,-0.02,0.2,non embeded,0
